Wavelength,TiN real part of permittivity,Wavelength,AZO real part of permittivity,Wavelength,TiN imaginary part of permittivity,Wavelength,AZO imaginary part of permittivity
nm,,nm,,nm,,nm,
Film thickness 130 nm,,Film thickness 250 nm,,,,,
300,1.41001482,300,7.14181405,300,8.78682001,300,0.806679442
310,3.21431404,310,6.07746997,310,8.39767405,310,0.471257295
320,4.33925105,320,5.44011141,320,7.35280986,320,0.316799636
330,4.77342914,330,5.01541207,330,6.22861084,330,0.232584135
340,4.7719138,340,4.71115218,340,5.29009067,340,0.181418047
350,4.54945049,350,4.48143697,350,4.57706517,350,0.147925488
360,4.22873944,360,4.3009349,360,4.0524511,360,0.124791228
370,3.87051234,370,4.15454611,370,3.6692313,370,0.108162418
380,3.50275248,380,4.03271979,380,3.38891431,380,0.095847044
390,3.13750117,390,3.92912363,390,3.18339817,390,0.0865201051
400,2.77928995,400,3.83939545,400,3.0328615,400,0.0793406014
410,2.42919666,410,3.76043331,410,2.92339178,410,0.0737528505
420,2.08677491,420,3.68997173,420,2.84515073,420,0.0693771393
430,1.75096818,430,3.62631796,430,2.79109267,430,0.0659464996
440,1.42053822,440,3.568182,440,2.75609792,440,0.0632685909
450,1.09425977,450,3.51456379,450,2.73639058,450,0.0612018816
460,0.771002487,460,3.46467621,460,2.7291454,460,0.0596402943
470,0.449758819,470,3.4178914,470,2.73221949,470,0.0585030334
480,0.129646658,480,3.3737025,480,2.74396684,480,0.0577276821
490,-0.190099103,490,3.33169597,490,2.76310831,490,0.0572654155
500,-0.510139099,500,3.29153105,500,2.78863931,500,0.0570776178
510,-0.831042838,510,3.25292454,510,2.81976317,510,0.0571334488
520,-1.15330132,520,3.21563917,520,2.85584263,520,0.0574080666
530,-1.47733838,530,3.17947469,530,2.89636397,530,0.0578813106
540,-1.8035205,540,3.14426094,540,2.9409101,540,0.0585367115
550,-2.13216532,550,3.10985248,550,2.98914038,550,0.059360741
560,-2.46354875,560,3.07612423,560,3.04077507,560,0.0603422333
570,-2.79791108,570,3.04296811,570,3.09558341,570,0.0614719375
580,-3.13546203,580,3.01029022,580,3.15337434,580,0.0627421665
590,-3.47638513,590,2.97800865,590,3.21398915,590,0.064146519
600,-3.82084128,600,2.94605161,600,3.27729576,600,0.0656796587
610,-4.16897187,610,2.91435595,610,3.34318408,610,0.0673371361
620,-4.52090138,620,2.88286591,620,3.41156234,620,0.0691152455
630,-4.87673954,630,2.85153209,630,3.48235406,630,0.0710109075
640,-5.23658327,640,2.82031056,640,3.55549564,640,0.0730215732
650,-5.60051825,650,2.78916216,650,3.63093437,650,0.0751451451
660,-5.9686203,660,2.75805187,660,3.70862676,660,0.0773799118
670,-6.34095655,670,2.7269483,670,3.7885372,670,0.0797244932
680,-6.71758648,680,2.6958232,680,3.87063684,680,0.082177795
690,-7.09856279,690,2.66465116,690,3.9549026,690,0.0847389696
700,-7.48393214,700,2.63340918,700,4.04131644,700,0.0874073844
710,-7.87373584,710,2.60207649,710,4.12986461,710,0.0901825935
720,-8.26801038,720,2.57063421,720,4.22053714,720,0.0930643146
730,-8.66678799,730,2.53906523,730,4.31332733,730,0.0960524083
740,-9.07009706,740,2.50735394,740,4.40823134,740,0.0991468616
750,-9.47796248,750,2.47548612,750,4.50524783,750,0.102347772
760,-9.89040607,760,2.44344879,760,4.60437767,760,0.105655336
770,-10.3074468,770,2.41123007,770,4.70562366,770,0.109069835
780,-10.729101,780,2.37881908,780,4.80899028,780,0.112591629
790,-11.1553829,790,2.34620585,790,4.91448356,790,0.116221148
800,-11.5863045,800,2.3133812,800,5.02211082,800,0.11995888
810,-12.0218757,810,2.28033673,810,5.1318806,810,0.12380537
820,-12.4621049,820,2.24706468,820,5.24380245,820,0.127761209
830,-12.9069987,830,2.21355792,830,5.35788688,830,0.131827036
840,-13.3565625,840,2.17980985,840,5.4741452,840,0.136003526
850,-13.8107999,850,2.14581442,850,5.59258948,850,0.140291389
860,-14.2697137,860,2.111566,860,5.71323243,860,0.144691369
870,-14.7333052,870,2.07705941,870,5.83608734,870,0.149204236
880,-15.2015748,880,2.04228987,880,5.96116804,880,0.153830788
890,-15.6745219,890,2.00725293,890,6.0884888,890,0.158571844
900,-16.152145,900,1.9719445,900,6.2180643,900,0.163428245
910,-16.6344416,910,1.93636076,910,6.34990961,910,0.16840085
920,-17.1214086,920,1.90049821,920,6.48404009,920,0.173490536
930,-17.6130421,930,1.86435357,930,6.62047142,930,0.178698195
940,-18.1093373,940,1.82792383,940,6.75921952,940,0.184024732
950,-18.6102891,950,1.79120618,950,6.90030052,950,0.189471066
960,-19.1158914,960,1.75419803,960,7.04373078,960,0.195038125
970,-19.626138,970,1.71689698,970,7.18952679,970,0.200726849
980,-20.1410218,980,1.6793008,980,7.33770522,980,0.206538186
990,-20.6605352,990,1.64140743,990,7.48828287,990,0.212473092
1000,-21.1846703,1000,1.60321495,1000,7.64127663,1000,0.218532533
1010,-21.7134187,1010,1.56472162,1010,7.7967035,1010,0.224717477
1020,-22.2467715,1020,1.52592578,1020,7.95458055,1020,0.231028902
1030,-22.7847194,1030,1.48682595,1030,8.11492493,1030,0.237467788
1040,-23.3272528,1040,1.44742073,1040,8.27775383,1040,0.244035121
1050,-23.8743618,1050,1.40770884,1050,8.44308446,1050,0.250731892
1060,-24.4260358,1060,1.36768911,1060,8.6109341,1060,0.257559094
1070,-24.9822643,1070,1.32736045,1070,8.78132002,1070,0.264517722
1080,-25.5430362,1080,1.28672188,1080,8.9542595,1080,0.271608777
1090,-26.1083402,1090,1.24577249,1090,9.12976982,1090,0.27883326
1100,-26.6781648,1100,1.20451146,1100,9.30786827,1100,0.286192173
1110,-27.2524981,1110,1.16293804,1110,9.48857211,1110,0.293686522
1120,-27.8313279,1120,1.12105154,1120,9.67189858,1120,0.301317312
1130,-28.4146418,1130,1.07885137,1130,9.8578649,1130,0.30908555
1140,-29.0024274,1140,1.03633697,1140,10.0464882,1140,0.316992243
1150,-29.5946716,1150,0.993507851,1150,10.2377857,1150,0.325038399
1160,-30.1913615,1160,0.950363585,1160,10.4317745,1160,0.333225025
1170,-30.7924836,1170,0.906903791,1170,10.6284715,1170,0.34155313
1180,-31.3980246,1180,0.863128143,1180,10.8278939,1180,0.350023721
1190,-32.0079708,1190,0.81903636,1190,11.0300585,1190,0.358637805
1200,-32.6223081,1200,0.77462821,1200,11.2349822,1200,0.367396387
1210,-33.2410227,1210,0.7299035,1210,11.4426817,1210,0.376300473
1220,-33.8641001,1220,0.684862081,1220,11.653174,1220,0.385351067
1230,-34.491526,1230,0.639503843,1230,11.8664755,1230,0.394549173
1240,-35.1232857,1240,0.593828711,1240,12.082603,1240,0.403895792
1250,-35.7593646,1250,0.547836649,1250,12.3015728,1250,0.413391924
1260,-36.3997476,1260,0.50152765,1260,12.5234015,1260,0.423038568
1270,-37.0444197,1270,0.454901744,1270,12.7481054,1270,0.432836721
1280,-37.6933657,1280,0.407958987,1280,12.9757007,1280,0.442787378
1290,-38.3465702,1290,0.36069947,1290,13.2062036,1290,0.452891532
1300,-39.0040177,1300,0.313123305,1300,13.4396303,1300,0.463150174
1310,-39.6656925,1310,0.265230638,1310,13.6759966,1310,0.473564294
1320,-40.331579,1320,0.217021635,1320,13.9153186,1320,0.484134878
1330,-41.0016611,1330,0.168496489,1330,14.1576119,1330,0.49486291
1340,-41.6759228,1340,0.119655417,1340,14.4028924,1340,0.505749373
1350,-42.354348,1350,0.0704986564,1350,14.6511756,1350,0.516795246
1360,-43.0369204,1360,0.0210264687,1360,14.9024769,1360,0.528001507
1370,-43.7236237,1370,-0.0287608653,1370,15.1568119,1370,0.539369129
1380,-44.4144412,1380,-0.0788630446,1380,15.4141958,1380,0.550899084
1390,-45.1093565,1390,-0.129279749,1390,15.6746438,1390,0.562592341
1400,-45.8083528,1400,-0.18001064,1400,15.938171,1400,0.574449867
1410,-46.5114132,1410,-0.231055361,1410,16.2047924,1410,0.586472623
1420,-47.2185209,1420,-0.282413539,1420,16.4745228,1420,0.598661572
1430,-47.9296589,1430,-0.334084783,1430,16.747377,1430,0.611017669
1440,-48.6448099,1440,-0.386068688,1440,17.0233697,1440,0.62354187
1450,-49.3639568,1450,-0.438364834,1450,17.3025154,1450,0.636235124
1460,-50.0870823,1460,-0.490972784,1460,17.5848285,1460,0.649098381
1470,-50.814169,1470,-0.543892088,1470,17.8703234,1470,0.662132584
1480,-51.5451994,1480,-0.597122282,1480,18.1590142,1480,0.675338676
1490,-52.280156,1490,-0.65066289,1490,18.450915,1490,0.688717594
1500,-53.019021,1500,-0.704513421,1500,18.7460398,1500,0.702270273
1510,-53.7617768,1510,-0.758673373,1510,19.0444025,1510,0.715997644
1520,-54.5084056,1520,-0.813142232,1520,19.3460168,1520,0.729900636
1530,-55.2588894,1530,-0.867919471,1530,19.6508962,1530,0.743980174
1540,-56.0132103,1540,-0.923004554,1540,19.9590544,1540,0.758237177
1550,-56.7713502,1550,-0.978396931,1550,20.2705046,1550,0.772672565
1560,-57.533291,1560,-1.03409604,1560,20.5852602,1560,0.78728725
1570,-58.2990146,1570,-1.09010132,1570,20.9033343,1570,0.802082143
1580,-59.0685027,1580,-1.14641219,1580,21.2247399,1580,0.817058152
1590,-59.841737,1590,-1.20302806,1590,21.5494899,1590,0.832216178
1600,-60.618699,1600,-1.25994832,1600,21.877597,1600,0.847557121
1610,-61.3993704,1610,-1.31717238,1610,22.209074,1610,0.863081878
1620,-62.1837327,1620,-1.37469962,1620,22.5439334,1620,0.878791339
1630,-62.9717672,1630,-1.4325294,1630,22.8821875,1630,0.894686394
1640,-63.7634553,1640,-1.49066111,1640,23.2238487,1640,0.910767926
1650,-64.5587784,1650,-1.54909408,1650,23.5689291,1650,0.927036816
1660,-65.3577177,1660,-1.60782769,1660,23.9174408,1660,0.94349394
1670,-66.1602544,1670,-1.66686126,1670,24.2693956,1670,0.960140172
1680,-66.9663696,1680,-1.72619414,1680,24.6248055,1680,0.976976381
1690,-67.7760445,1690,-1.78582564,1690,24.9836819,1690,0.99400343
1700,-68.5892601,1700,-1.8457551,1700,25.3460365,1700,1.01122218
1710,-69.4059973,1710,-1.90598182,1710,25.7118807,1710,1.02863349
1720,-70.2262373,1720,-1.96650511,1720,26.0812258,1720,1.04623822
1730,-71.0499608,1730,-2.02732427,1730,26.4540829,1730,1.0640372
1740,-71.8771487,1740,-2.08843859,1740,26.8304631,1740,1.08203129
1750,-72.7077818,1750,-2.14984737,1750,27.2103772,1750,1.10022133
1760,-73.5418409,1760,-2.21154987,1760,27.5938361,1760,1.11860815
1770,-74.3793068,1770,-2.27354538,1770,27.9808505,1770,1.13719259
1780,-75.2201601,1780,-2.33583316,1780,28.3714308,1780,1.15597547
1790,-76.0643814,1790,-2.39841248,1790,28.7655874,1790,1.17495763
1800,-76.9119515,1800,-2.46128259,1800,29.1633307,1800,1.19413987
1810,-77.7628509,1810,-2.52444274,1810,29.5646708,1810,1.21352302
1820,-78.6170601,1820,-2.58789218,1820,29.9696177,1820,1.23310789
1830,-79.4745597,1830,-2.65163016,1830,30.3781814,1830,1.25289528
1840,-80.3353301,1840,-2.71565589,1840,30.7903714,1840,1.27288601
1850,-81.1993518,1850,-2.77996863,1850,31.2061977,1850,1.29308086
1860,-82.0666052,1860,-2.84456759,1860,31.6256695,1860,1.31348064
1870,-82.9370707,1870,-2.90945198,1870,32.0487964,1870,1.33408614
1880,-83.8107287,1880,-2.97462104,1880,32.4755876,1880,1.35489813
1890,-84.6875594,1890,-3.04007396,1890,32.9060522,1890,1.37591742
1900,-85.5675434,1900,-3.10580996,1900,33.3401993,1900,1.39714476
1910,-86.4506607,1910,-3.17182823,1910,33.7780377,1910,1.41858094
1920,-87.3368917,1920,-3.23812798,1920,34.2195761,1920,1.44022672
1930,-88.2262167,1930,-3.30470839,1930,34.6648232,1930,1.46208288
1940,-89.1186158,1940,-3.37156866,1940,35.1137876,1940,1.48415017
1950,-90.0140692,1950,-3.43870797,1950,35.5664775,1950,1.50642934
1960,-90.9125573,1960,-3.5061255,1960,36.0229012,1960,1.52892116
1970,-91.81406,1970,-3.57382042,1970,36.4830669,1970,1.55162636
1980,-92.7185576,1980,-3.64179192,1980,36.9469825,1980,1.57454569
1990,-93.6260303,1990,-3.71003915,1990,37.4146559,1990,1.5976799
2000,-94.5364581,2000,-3.77856128,2000,37.8860949,2000,1.6210297
2010,-95.4498211,,,2010,38.361307,,
2020,-96.3660995,,,2020,38.8402998,,
2030,-97.2852733,,,2030,39.3230806,,
2040,-98.2073227,,,2040,39.8096566,,
2050,-99.1322276,,,2050,40.300035,,
2060,-100.059968,,,2060,40.7942228,,
2070,-100.990525,,,2070,41.2922268,,
2080,-101.923877,,,2080,41.7940537,,
2090,-102.860004,,,2090,42.2997102,,
2100,-103.798888,,,2100,42.8092028,,
