wavelength_nm,transmittance
340.35,0.96492
340.73,0.96492
341.12,0.96492
341.5,1.17859
341.88,0.9136
342.27,0.90002
342.65,0.99039
343.03,1.11306
343.41,0.88112
343.8,1.14783
344.18,0.92956
344.56,1.48961
344.95,0.93335
345.33,0.97917
345.71,0.85208
346.09,0.98149
346.48,1.01093
346.86,1.12138
347.24,0.98889
347.62,1.09314
348.01,1.00936
348.39,0.99099
348.77,1.10924
349.15,0.94893
349.54,1.07424
349.92,0.86923
350.3,1.0581
350.68,0.96297
351.07,0.87586
351.45,0.89388
351.83,0.87132
352.21,0.98099
352.59,0.84913
352.98,1.01532
353.36,0.9549
353.74,0.86735
354.12,0.83103
354.5,0.97809
354.89,1
355.27,0.93455
355.65,0.85145
356.03,0.98474
356.41,0.83612
356.79,0.87234
357.18,0.89817
357.56,0.89454
357.94,0.89415
358.32,0.94425
358.7,1
359.08,0.96655
359.46,0.92388
359.84,0.96071
360.23,0.9152
360.61,0.92087
360.99,0.90527
361.37,0.95256
361.75,0.83112
362.13,0.9077
362.51,0.8443
362.89,0.9194
363.27,0.9669
363.66,0.83689
364.04,0.89927
364.42,0.87806
364.8,0.80139
365.18,0.79787
365.56,0.97339
365.94,0.90613
366.32,0.91543
366.7,0.85763
367.08,1.03359
367.46,0.93436
367.84,1.056
368.22,1.0751
368.6,0.98062
368.98,0.94224
369.36,0.91095
369.74,0.79195
370.12,0.8486
370.5,1.00372
370.88,0.91154
371.26,0.8419
371.64,0.89474
372.02,0.76897
372.4,0.9304
372.78,0.82952
373.16,0.75403
373.54,0.79856
373.92,0.92727
374.3,0.86159
374.68,0.88851
375.06,0.81108
375.44,0.76588
375.82,0.92014
376.2,0.87119
376.58,0.88563
376.96,0.88889
377.34,0.75403
377.72,0.81507
378.1,0.80623
378.48,0.84879
378.86,0.9041
379.24,0.84321
379.62,0.875
379.99,0.7973
380.37,0.74843
380.75,0.78639
381.13,0.85958
381.51,0.75949
381.89,0.85809
382.27,0.80532
382.65,0.9534
383.03,0.79403
383.41,0.84193
383.78,0.76133
384.16,0.7754
384.54,0.72189
384.92,0.68644
385.3,0.72253
385.68,0.77329
386.06,0.78248
386.43,0.64865
386.81,0.68347
387.19,0.79567
387.57,0.78507
387.95,0.61403
388.33,0.76991
388.7,0.65547
389.08,0.66385
389.46,0.71224
389.84,0.69372
390.22,0.72442
390.59,0.66667
390.97,0.81286
391.35,0.68119
391.73,0.68044
392.11,0.66667
392.48,0.65183
392.86,0.64524
393.24,0.67106
393.62,0.59908
393.99,0.64499
394.37,0.66835
394.75,0.65963
395.13,0.64736
395.5,0.58883
395.88,0.66213
396.26,0.67915
396.64,0.65915
397.01,0.70985
397.39,0.59183
397.77,0.54343
398.15,0.59674
398.52,0.61873
398.9,0.60001
399.28,0.54129
399.65,0.66752
400.03,0.59815
400.41,0.58968
400.79,0.53864
401.16,0.58542
401.54,0.5276
401.92,0.65278
402.29,0.68421
402.67,0.65872
403.05,0.63902
403.42,0.71392
403.8,0.56643
404.18,0.71769
404.55,0.63065
404.93,0.69576
405.3,0.58444
405.68,0.57674
406.06,0.55656
406.43,0.60981
406.81,0.53118
407.19,0.6057
407.56,0.66666
407.94,0.64884
408.31,0.6247
408.69,0.59217
409.07,0.57658
409.44,0.56776
409.82,0.60089
410.19,0.66089
410.57,0.66586
410.95,0.6643
411.32,0.58998
411.7,0.57535
412.07,0.59674
412.45,0.56161
412.82,0.64637
413.2,0.58014
413.58,0.52262
413.95,0.63242
414.33,0.65962
414.7,0.62386
415.08,0.55702
415.45,0.55102
415.83,0.60087
416.2,0.69926
416.58,0.61947
416.95,0.52915
417.33,0.59813
417.7,0.61283
418.08,0.56019
418.45,0.62812
418.83,0.53306
419.2,0.61884
419.58,0.58987
419.95,0.53742
420.33,0.59382
420.7,0.61018
421.08,0.57992
421.45,0.58695
421.83,0.53563
422.2,0.53879
422.58,0.55765
422.95,0.59453
423.33,0.54382
423.7,0.54773
424.07,0.57265
424.45,0.57082
424.82,0.4968
425.2,0.603
425.57,0.56223
425.95,0.52838
426.32,0.50981
426.69,0.58134
427.07,0.66197
427.44,0.58315
427.82,0.54071
428.19,0.54846
428.56,0.58259
428.94,0.55647
429.31,0.49686
429.68,0.53376
430.06,0.56462
430.43,0.54955
430.81,0.61947
431.18,0.54979
431.55,0.58724
431.93,0.53913
432.3,0.57456
432.67,0.52675
433.05,0.53435
433.42,0.46906
433.79,0.50794
434.17,0.54546
434.54,0.51992
434.91,0.53669
435.29,0.49008
435.66,0.54316
436.03,0.50197
436.41,0.49339
436.78,0.54076
437.15,0.51262
437.52,0.54772
437.9,0.57171
438.27,0.48032
438.64,0.50192
439.02,0.46237
439.39,0.5286
439.76,0.52536
440.13,0.51631
440.51,0.48772
440.88,0.51591
441.25,0.4972
441.62,0.46364
442,0.46053
442.37,0.40599
442.74,0.47141
443.11,0.47888
443.48,0.48991
443.86,0.43154
444.23,0.43485
444.6,0.46034
444.97,0.44781
445.35,0.43981
445.72,0.47126
446.09,0.38752
446.46,0.48676
446.83,0.44445
447.2,0.42088
447.58,0.38994
447.95,0.41977
448.32,0.36463
448.69,0.3698
449.06,0.39466
449.43,0.41358
449.81,0.41654
450.18,0.42378
450.55,0.40248
450.92,0.41265
451.29,0.37536
451.66,0.38392
452.03,0.36879
452.41,0.36095
452.78,0.3845
453.15,0.43243
453.52,0.39663
453.89,0.42176
454.26,0.40356
454.63,0.40029
455,0.40114
455.37,0.38639
455.74,0.37535
456.12,0.40404
456.49,0.40653
456.86,0.41384
457.23,0.38929
457.6,0.36992
457.97,0.35852
458.34,0.43935
458.71,0.35053
459.08,0.38639
459.45,0.36488
459.82,0.36352
460.19,0.33734
460.56,0.34204
460.93,0.35325
461.3,0.29687
461.67,0.34183
462.04,0.35959
462.41,0.33415
462.78,0.34819
463.15,0.3314
463.52,0.31729
463.89,0.3242
464.26,0.31286
464.63,0.30079
465,0.29919
465.37,0.30923
465.74,0.28985
466.11,0.29524
466.48,0.24534
466.85,0.26805
467.22,0.28829
467.59,0.26983
467.96,0.27184
468.33,0.25505
468.7,0.24578
469.07,0.26027
469.44,0.25567
469.81,0.19809
470.17,0.2388
470.54,0.23268
470.91,0.27044
471.28,0.22544
471.65,0.23059
472.02,0.22196
472.39,0.19076
472.76,0.19002
473.13,0.21756
473.5,0.21135
473.86,0.19806
474.23,0.20215
474.6,0.21114
474.97,0.21438
475.34,0.18439
475.71,0.18864
476.08,0.18953
476.44,0.176
476.81,0.19307
477.18,0.17242
477.55,0.16047
477.92,0.15771
478.29,0.16893
478.65,0.17054
479.02,0.1392
479.39,0.15519
479.76,0.14439
480.13,0.13227
480.49,0.14809
480.86,0.13418
481.23,0.14032
481.6,0.12763
481.97,0.13461
482.33,0.12235
482.7,0.1224
483.07,0.12591
483.44,0.13757
483.81,0.1364
484.17,0.12959
484.54,0.12155
484.91,0.12428
485.28,0.11963
485.64,0.11205
486.01,0.12413
486.38,0.10654
486.74,0.1085
487.11,0.10726
487.48,0.12029
487.85,0.10926
488.21,0.09983
488.58,0.10143
488.95,0.1075
489.31,0.10168
489.68,0.10368
490.05,0.10377
490.42,0.0977
490.78,0.09054
491.15,0.08941
491.52,0.08607
491.88,0.08579
492.25,0.0878
492.62,0.08529
492.98,0.08302
493.35,0.08792
493.72,0.08175
494.08,0.07903
494.45,0.08131
494.81,0.07793
495.18,0.07577
495.55,0.0798
495.91,0.07642
496.28,0.08135
496.65,0.07724
497.01,0.08074
497.38,0.06949
497.74,0.07491
498.11,0.07021
498.48,0.07515
498.84,0.06797
499.21,0.06547
499.57,0.0764
499.94,0.06983
500.3,0.06325
500.67,0.06575
501.04,0.06283
501.4,0.06157
501.77,0.06233
502.13,0.06363
502.5,0.06367
502.86,0.06398
503.23,0.05727
503.59,0.05444
503.96,0.05549
504.32,0.05438
504.69,0.0597
505.05,0.05302
505.42,0.05712
505.79,0.04894
506.15,0.05068
506.52,0.05574
506.88,0.05134
507.24,0.04938
507.61,0.05391
507.97,0.04946
508.34,0.04768
508.7,0.04637
509.07,0.04772
509.43,0.05107
509.8,0.04832
510.16,0.04215
510.53,0.04545
510.89,0.04305
511.26,0.0459
511.62,0.04615
511.98,0.04508
512.35,0.0433
512.71,0.04057
513.08,0.04156
513.44,0.04024
513.81,0.0422
514.17,0.04232
514.53,0.04238
514.9,0.03836
515.26,0.0437
515.63,0.04082
515.99,0.03955
516.35,0.04063
516.72,0.03741
517.08,0.04073
517.44,0.03784
517.81,0.03674
518.17,0.03505
518.54,0.03822
518.9,0.03854
519.26,0.03824
519.63,0.03714
519.99,0.03657
520.35,0.03535
520.72,0.03484
521.08,0.03797
521.44,0.03546
521.81,0.03504
522.17,0.03305
522.53,0.03563
522.89,0.03484
523.26,0.03587
523.62,0.03415
523.98,0.0353
524.35,0.03534
524.71,0.03489
525.07,0.03754
525.43,0.0357
525.8,0.03427
526.16,0.03449
526.52,0.0357
526.89,0.03481
527.25,0.03174
527.61,0.03123
527.97,0.03338
528.34,0.03757
528.7,0.03199
529.06,0.03087
529.42,0.03257
529.78,0.03089
530.15,0.0334
530.51,0.03098
530.87,0.03421
531.23,0.0327
531.59,0.03311
531.96,0.03159
532.32,0.03152
532.68,0.03213
533.04,0.0306
533.4,0.03238
533.77,0.03091
534.13,0.02938
534.49,0.02897
534.85,0.03343
535.21,0.0291
535.57,0.0298
535.94,0.03163
536.3,0.02967
536.66,0.03201
537.02,0.03014
537.38,0.02979
537.74,0.03137
538.1,0.03112
538.46,0.03103
538.83,0.03007
539.19,0.03082
539.55,0.03071
539.91,0.02985
540.27,0.02756
540.63,0.02793
540.99,0.02976
541.35,0.02738
541.71,0.02929
542.07,0.0299
542.43,0.03018
542.79,0.02961
543.16,0.02912
543.52,0.02875
543.88,0.02779
544.24,0.02952
544.6,0.02861
544.96,0.02851
545.32,0.02718
545.68,0.02748
546.04,0.02841
546.4,0.02761
546.76,0.02783
547.12,0.02667
547.48,0.02727
547.84,0.02815
548.2,0.02582
548.56,0.02543
548.92,0.02616
549.28,0.02623
549.64,0.02733
550,0.02607
550.36,0.02495
550.72,0.02736
551.08,0.02601
551.44,0.02587
551.8,0.02614
552.16,0.02604
552.52,0.02581
552.87,0.02533
553.23,0.0252
553.59,0.02588
553.95,0.02583
554.31,0.02494
554.67,0.02488
555.03,0.02468
555.39,0.02668
555.75,0.02536
556.11,0.02531
556.47,0.02575
556.83,0.02474
557.18,0.02542
557.54,0.02455
557.9,0.02551
558.26,0.02365
558.62,0.02301
558.98,0.02367
559.34,0.02447
559.7,0.02468
560.05,0.02542
560.41,0.02296
560.77,0.02607
561.13,0.02502
561.49,0.02391
561.85,0.02319
562.2,0.02502
562.56,0.02506
562.92,0.02274
563.28,0.02421
563.64,0.02492
563.99,0.02405
564.35,0.02567
564.71,0.02449
565.07,0.02613
565.43,0.0241
565.78,0.02524
566.14,0.02536
566.5,0.0243
566.86,0.02494
567.21,0.02519
567.57,0.02407
567.93,0.02416
568.29,0.02526
568.64,0.02455
569,0.02458
569.36,0.02321
569.72,0.02495
570.07,0.0246
570.43,0.02484
570.79,0.02494
571.15,0.02429
571.5,0.0247
571.86,0.0236
572.22,0.02362
572.57,0.02496
572.93,0.02563
573.29,0.02476
573.64,0.02426
574,0.02585
574.36,0.02499
574.72,0.02553
575.07,0.02409
575.43,0.02337
575.78,0.02465
576.14,0.02429
576.5,0.02478
576.85,0.02344
577.21,0.0227
577.57,0.02302
577.92,0.02524
578.28,0.02579
578.64,0.02516
578.99,0.02426
579.35,0.02531
579.7,0.0253
580.06,0.02618
580.42,0.02566
580.77,0.02383
581.13,0.02412
581.48,0.0242
581.84,0.02564
582.2,0.02515
582.55,0.02518
582.91,0.02316
583.26,0.02524
583.62,0.02524
583.97,0.02534
584.33,0.02373
584.68,0.0255
585.04,0.02537
585.4,0.025
585.75,0.02448
586.11,0.02392
586.46,0.02509
586.82,0.02425
587.17,0.02487
587.53,0.02486
587.88,0.02449
588.24,0.0237
588.59,0.02525
588.95,0.02453
589.3,0.02483
589.66,0.02385
590.01,0.02484
590.37,0.02418
590.72,0.02551
591.08,0.02398
591.43,0.02555
591.78,0.02514
592.14,0.02617
592.49,0.024
592.85,0.02491
593.2,0.02466
593.56,0.02392
593.91,0.02554
594.26,0.0239
594.62,0.02331
594.97,0.02382
595.33,0.02414
595.68,0.02436
596.04,0.02544
596.39,0.02487
596.74,0.02415
597.1,0.0247
597.45,0.02532
597.8,0.02406
598.16,0.02411
598.51,0.02506
598.87,0.02627
599.22,0.02482
599.57,0.02465
599.93,0.02482
600.28,0.02642
600.63,0.0237
600.99,0.02517
601.34,0.02463
601.69,0.02455
602.05,0.0246
602.4,0.02469
602.75,0.02484
603.11,0.02317
603.46,0.02352
603.81,0.02521
604.17,0.02389
604.52,0.02442
604.87,0.02507
605.22,0.02466
605.58,0.02478
605.93,0.02526
606.28,0.02395
606.64,0.02355
606.99,0.02477
607.34,0.02412
607.69,0.02386
608.05,0.02396
608.4,0.0259
608.75,0.02492
609.1,0.02567
609.45,0.02436
609.81,0.02564
610.16,0.02464
610.51,0.02459
610.86,0.02485
611.22,0.0271
611.57,0.02549
611.92,0.0253
612.27,0.02511
612.62,0.02447
612.98,0.02453
613.33,0.02508
613.68,0.02447
614.03,0.0244
614.38,0.02452
614.73,0.02388
615.09,0.02474
615.44,0.0238
615.79,0.02402
616.14,0.02371
616.49,0.0228
616.84,0.0229
617.19,0.02447
617.55,0.02449
617.9,0.02403
618.25,0.02267
618.6,0.02381
618.95,0.02488
619.3,0.0251
619.65,0.02472
620,0.0241
620.35,0.02368
620.7,0.02348
621.06,0.02507
621.41,0.02464
621.76,0.02439
622.11,0.02292
622.46,0.02416
622.81,0.02431
623.16,0.02351
623.51,0.02444
623.86,0.02384
624.21,0.0248
624.56,0.02326
624.91,0.02387
625.26,0.02476
625.61,0.02459
625.96,0.02405
626.31,0.02376
626.66,0.02529
627.01,0.02552
627.36,0.02464
627.71,0.02466
628.06,0.02478
628.41,0.02506
628.76,0.02454
629.11,0.02331
629.46,0.0249
629.81,0.02294
630.16,0.02382
630.51,0.02289
630.86,0.02469
631.21,0.02462
631.56,0.02382
631.91,0.02474
632.26,0.024
632.61,0.02376
632.96,0.02327
633.3,0.02529
633.65,0.02349
634,0.0247
634.35,0.02247
634.7,0.02397
635.05,0.02468
635.4,0.02399
635.75,0.02479
636.1,0.02468
636.45,0.02406
636.79,0.0236
637.14,0.02511
637.49,0.02411
637.84,0.0241
638.19,0.02256
638.54,0.02414
638.89,0.02401
639.23,0.02505
639.58,0.02359
639.93,0.02421
640.28,0.02417
640.63,0.02405
640.98,0.02491
641.32,0.02414
641.67,0.02368
642.02,0.02429
642.37,0.02413
642.72,0.02502
643.06,0.02361
643.41,0.02477
643.76,0.02394
644.11,0.02627
644.45,0.02429
644.8,0.02319
645.15,0.02492
645.5,0.02428
645.84,0.02378
646.19,0.02406
646.54,0.02313
646.89,0.02458
647.23,0.02398
647.58,0.02392
647.93,0.02364
648.28,0.02419
648.62,0.02302
648.97,0.02422
649.32,0.0233
649.66,0.02461
650.01,0.0241
650.36,0.02485
650.71,0.02348
651.05,0.02282
651.4,0.0243
651.75,0.02377
652.09,0.02467
652.44,0.02425
652.79,0.02437
653.13,0.02487
653.48,0.02415
653.83,0.02363
654.17,0.02434
654.52,0.02327
654.86,0.02455
655.21,0.02297
655.56,0.02444
655.9,0.02452
656.25,0.02393
656.6,0.02455
656.94,0.02493
657.29,0.02339
657.63,0.02409
657.98,0.02315
658.33,0.02342
658.67,0.02329
659.02,0.02323
659.36,0.02281
659.71,0.02356
660.05,0.0251
660.4,0.02278
660.75,0.02262
661.09,0.02356
661.44,0.02368
661.78,0.02442
662.13,0.02477
662.47,0.02312
662.82,0.02302
663.16,0.02496
663.51,0.0231
663.85,0.0238
664.2,0.0238
664.54,0.02301
664.89,0.02445
665.23,0.02417
665.58,0.02337
665.92,0.02294
666.27,0.02373
666.61,0.02303
666.96,0.02381
667.3,0.02421
667.65,0.02468
667.99,0.02314
668.34,0.02426
668.68,0.0235
669.02,0.02408
669.37,0.02286
669.71,0.02403
670.06,0.02513
670.4,0.0238
670.75,0.02452
671.09,0.02519
671.43,0.0234
671.78,0.02326
672.12,0.02395
672.47,0.02406
672.81,0.02349
673.15,0.02249
673.5,0.0235
673.84,0.02437
674.19,0.02341
674.53,0.02315
674.87,0.02332
675.22,0.02339
675.56,0.02349
675.9,0.02412
676.25,0.02432
676.59,0.02387
676.93,0.02337
677.28,0.02327
677.62,0.02414
677.96,0.02252
678.31,0.02276
678.65,0.02259
678.99,0.02258
679.34,0.02185
679.68,0.02327
680.02,0.02416
680.36,0.02304
680.71,0.02401
681.05,0.02285
681.39,0.02457
681.74,0.02525
682.08,0.02333
682.42,0.02462
682.76,0.02406
683.11,0.02436
683.45,0.02419
683.79,0.02373
684.13,0.02405
684.48,0.02214
684.82,0.02236
685.16,0.02471
685.5,0.02421
685.84,0.02335
686.19,0.02364
686.53,0.0237
686.87,0.02343
687.21,0.02234
687.55,0.02294
687.9,0.02322
688.24,0.02488
688.58,0.02435
688.92,0.02249
689.26,0.02241
689.6,0.02319
689.95,0.02442
690.29,0.02202
690.63,0.02412
690.97,0.02281
691.31,0.024
691.65,0.0243
691.99,0.02411
692.34,0.02295
692.68,0.02259
693.02,0.02311
693.36,0.02448
693.7,0.02334
694.04,0.02404
694.38,0.02304
694.72,0.02319
695.06,0.02437
695.4,0.02339
695.74,0.02465
696.09,0.02457
696.43,0.02345
696.77,0.02358
697.11,0.02416
697.45,0.02348
697.79,0.02301
698.13,0.02285
698.47,0.0226
698.81,0.02262
699.15,0.02281
699.49,0.02389
699.83,0.02333
700.17,0.02382
700.51,0.02401
700.85,0.0231
701.19,0.02286
701.53,0.02358
701.87,0.02314
702.21,0.02522
702.55,0.02281
702.89,0.02303
703.23,0.02368
703.57,0.02445
703.91,0.02235
704.25,0.02314
704.59,0.02242
704.93,0.02355
705.27,0.02266
705.61,0.0243
705.95,0.02428
706.28,0.02192
706.62,0.02363
706.96,0.0233
707.3,0.02391
707.64,0.02231
707.98,0.02386
708.32,0.02206
708.66,0.02364
709,0.02433
709.34,0.02312
709.68,0.02417
710.01,0.02486
710.35,0.02375
710.69,0.02461
711.03,0.02351
711.37,0.02365
711.71,0.02279
712.05,0.02157
712.38,0.02315
712.72,0.02324
713.06,0.0237
713.4,0.02269
713.74,0.02344
714.08,0.02315
714.41,0.02378
714.75,0.02353
715.09,0.02322
715.43,0.02297
715.77,0.02455
716.1,0.0225
716.44,0.02369
716.78,0.02417
717.12,0.02392
717.45,0.0234
717.79,0.02428
718.13,0.0246
718.47,0.02438
718.8,0.02035
719.14,0.02428
719.48,0.02227
719.82,0.02421
720.15,0.02322
720.49,0.02329
720.83,0.02348
721.17,0.02227
721.5,0.0248
721.84,0.0227
722.18,0.02248
722.51,0.02354
722.85,0.02352
723.19,0.02229
723.53,0.02324
723.86,0.02309
724.2,0.02377
724.54,0.0225
724.87,0.02274
725.21,0.0247
725.55,0.02318
725.88,0.02308
726.22,0.02339
726.55,0.02534
726.89,0.02486
727.23,0.02382
727.56,0.02335
727.9,0.0241
728.24,0.02448
728.57,0.02362
728.91,0.02476
729.24,0.02355
729.58,0.02281
729.92,0.02376
730.25,0.02256
730.59,0.02228
730.92,0.02427
731.26,0.0239
731.59,0.02462
731.93,0.02408
732.27,0.024
732.6,0.02408
732.94,0.02369
733.27,0.0238
733.61,0.02233
733.94,0.02311
734.28,0.02174
734.61,0.02152
734.95,0.02194
735.28,0.02254
735.62,0.02314
735.95,0.02347
736.29,0.02273
736.62,0.0217
736.96,0.02242
737.29,0.02362
737.63,0.02243
737.96,0.02348
738.3,0.02314
738.63,0.02314
738.97,0.02426
739.3,0.02321
739.64,0.02489
739.97,0.02228
740.31,0.02342
740.64,0.02387
740.97,0.0232
741.31,0.02491
741.64,0.02419
741.98,0.02392
742.31,0.02375
742.65,0.02266
742.98,0.02526
743.31,0.02423
743.65,0.02393
743.98,0.02344
744.32,0.02376
744.65,0.02303
744.98,0.02283
745.32,0.02209
745.65,0.02486
745.98,0.02352
746.32,0.02364
746.65,0.02424
746.98,0.02388
747.32,0.02471
747.65,0.02309
747.98,0.02445
748.32,0.02385
748.65,0.02375
748.98,0.02295
749.32,0.02275
749.65,0.02384
749.98,0.02491
750.32,0.02391
750.65,0.02394
750.98,0.02342
751.32,0.02484
751.65,0.02477
751.98,0.02425
752.31,0.02396
752.65,0.02351
752.98,0.02286
753.31,0.02218
753.64,0.02388
753.98,0.02425
754.31,0.0254
754.64,0.02431
754.97,0.02306
755.31,0.02414
755.64,0.02501
755.97,0.02312
756.3,0.02477
756.63,0.02506
756.97,0.02365
757.3,0.02393
757.63,0.0251
757.96,0.02333
758.29,0.02513
758.62,0.02444
758.96,0.02511
759.29,0.02454
759.62,0.02347
759.95,0.02598
760.28,0.02593
760.61,0.02435
760.95,0.0249
761.28,0.02469
761.61,0.02598
761.94,0.02555
762.27,0.02312
762.6,0.02593
762.93,0.02487
763.26,0.02337
763.6,0.02546
763.93,0.0255
764.26,0.02481
764.59,0.02627
764.92,0.02404
765.25,0.02583
765.58,0.02597
765.91,0.02504
766.24,0.02576
766.57,0.02453
766.9,0.02649
767.23,0.02569
767.56,0.02736
767.89,0.02698
768.22,0.02573
768.55,0.02521
768.89,0.02453
769.22,0.02637
769.55,0.02679
769.88,0.02631
770.21,0.02745
770.54,0.02529
770.87,0.02581
771.2,0.02531
771.53,0.02603
771.86,0.02587
772.18,0.02629
772.51,0.02506
772.84,0.02811
773.17,0.02648
773.5,0.02607
773.83,0.02578
774.16,0.0254
774.49,0.02506
774.82,0.02784
775.15,0.02467
775.48,0.02523
775.81,0.02603
776.14,0.02618
776.47,0.0276
776.8,0.02587
777.13,0.02747
777.45,0.02885
777.78,0.02655
778.11,0.02689
778.44,0.02668
778.77,0.02765
779.1,0.02494
779.43,0.02676
779.76,0.02912
780.08,0.02721
780.41,0.02643
780.74,0.02727
781.07,0.02641
781.4,0.02562
781.73,0.02604
782.05,0.02777
782.38,0.02828
782.71,0.02686
783.04,0.02778
783.37,0.0259
783.69,0.02707
784.02,0.02758
784.35,0.02803
784.68,0.02897
785.01,0.02845
785.33,0.0283
785.66,0.02865
785.99,0.02681
786.32,0.02788
786.64,0.02897
786.97,0.02896
787.3,0.02881
787.63,0.0281
787.95,0.02749
788.28,0.02935
788.61,0.0284
788.94,0.02695
789.26,0.02783
789.59,0.02847
789.92,0.02939
790.24,0.02809
790.57,0.02957
790.9,0.02875
791.23,0.02753
791.55,0.02917
791.88,0.02833
792.21,0.02923
792.53,0.02807
792.86,0.02924
793.19,0.03017
793.51,0.02964
793.84,0.02975
794.17,0.02763
794.49,0.02919
794.82,0.03135
795.14,0.02855
795.47,0.0303
795.8,0.02948
796.12,0.0311
796.45,0.02977
796.77,0.03044
797.1,0.03147
797.43,0.03032
797.75,0.02859
798.08,0.02799
798.4,0.03115
798.73,0.03082
799.06,0.0295
799.38,0.03149
799.71,0.03028
800.03,0.03154
800.36,0.031
800.68,0.032
801.01,0.02829
801.33,0.02855
801.66,0.03177
801.98,0.02923
802.31,0.03053
802.64,0.02797
802.96,0.03103
803.29,0.03043
803.61,0.02841
803.94,0.02684
804.26,0.02979
804.58,0.02801
804.91,0.02914
805.23,0.03131
805.56,0.02834
805.88,0.03011
806.21,0.02885
806.53,0.02946
806.86,0.02948
807.18,0.02922
807.51,0.02837
807.83,0.03054
808.15,0.02831
808.48,0.02944
808.8,0.02833
809.13,0.02902
809.45,0.03006
809.78,0.02972
810.1,0.02802
810.42,0.02768
810.75,0.02707
811.07,0.02978
811.39,0.02765
811.72,0.03016
812.04,0.02926
812.37,0.02861
812.69,0.02841
813.01,0.02735
813.34,0.02736
813.66,0.02704
813.98,0.02701
814.31,0.02905
814.63,0.02654
814.95,0.02728
815.28,0.02818
815.6,0.02751
815.92,0.02841
816.25,0.02967
816.57,0.02733
816.89,0.02885
817.21,0.02794
817.54,0.02666
817.86,0.02819
818.18,0.02744
818.51,0.02655
818.83,0.02844
819.15,0.02761
819.47,0.02808
819.8,0.02765
820.12,0.02609
820.44,0.02996
820.76,0.02735
821.08,0.02835
821.41,0.02909
821.73,0.02815
822.05,0.02925
822.37,0.02619
822.7,0.02884
823.02,0.02767
823.34,0.02748
823.66,0.02707
823.98,0.02869
824.3,0.02669
824.63,0.02636
824.95,0.02827
825.27,0.02844
825.59,0.02922
825.91,0.02734
826.23,0.02779
826.56,0.02697
826.88,0.02855
827.2,0.02931
827.52,0.02561
827.84,0.02849
828.16,0.03005
828.48,0.02832
828.8,0.02864
829.13,0.0292
829.45,0.03022
829.77,0.02923
830.09,0.02896
830.41,0.02968
830.73,0.03003
831.05,0.02865
831.37,0.02728
831.69,0.02842
832.01,0.02935
832.33,0.03044
832.65,0.02988
832.97,0.03018
833.29,0.0316
833.61,0.03031
833.93,0.02856
834.25,0.02894
834.57,0.02806
834.89,0.03135
835.21,0.02962
835.53,0.02918
835.85,0.02954
836.17,0.03096
836.49,0.02779
836.81,0.03256
837.13,0.02848
837.45,0.02871
837.77,0.02837
838.09,0.0285
838.41,0.03106
838.73,0.03056
839.05,0.03013
839.37,0.03022
839.69,0.02949
840.01,0.03093
840.33,0.03168
840.65,0.03138
840.97,0.02844
841.29,0.03023
841.61,0.02982
841.92,0.03016
842.24,0.03207
842.56,0.03208
842.88,0.02981
843.2,0.0314
843.52,0.03114
843.84,0.03212
844.16,0.03145
844.47,0.03207
844.79,0.03281
845.11,0.03404
845.43,0.03106
845.75,0.03291
846.07,0.03098
846.38,0.03172
846.7,0.03375
847.02,0.03296
847.34,0.02947
847.66,0.03087
847.97,0.03315
848.29,0.03456
848.61,0.03254
848.93,0.0344
849.25,0.0334
849.56,0.03312
849.88,0.03366
850.2,0.03203
850.52,0.03349
850.83,0.03272
851.15,0.03336
851.47,0.03318
851.79,0.03045
852.1,0.03275
852.42,0.03481
852.74,0.03285
853.06,0.03423
853.37,0.03591
853.69,0.03505
854.01,0.03389
854.32,0.03371
854.64,0.03374
854.96,0.03406
855.27,0.03353
855.59,0.03599
855.91,0.03411
856.23,0.03291
856.54,0.03545
856.86,0.03475
857.17,0.0326
857.49,0.03493
857.81,0.03453
858.12,0.03702
858.44,0.0368
858.76,0.03453
859.07,0.03637
859.39,0.03831
859.71,0.03522
860.02,0.03444
860.34,0.03835
860.65,0.0355
860.97,0.03901
861.28,0.03849
861.6,0.03942
861.92,0.03695
862.23,0.03393
862.55,0.03417
862.86,0.0352
863.18,0.03289
863.49,0.03621
863.81,0.03474
864.13,0.03532
864.44,0.03693
864.76,0.03412
865.07,0.03579
865.39,0.03912
865.7,0.03692
866.02,0.03702
866.33,0.03823
866.65,0.0385
866.96,0.03743
867.28,0.03553
867.59,0.03828
867.91,0.03694
868.22,0.04006
868.54,0.03878
868.85,0.03775
869.16,0.03813
869.48,0.03953
869.79,0.03828
870.11,0.03845
870.42,0.03759
870.74,0.03946
871.05,0.03718
871.37,0.03872
871.68,0.03893
871.99,0.04236
872.31,0.03691
872.62,0.04075
872.94,0.03738
873.25,0.03871
873.56,0.0371
873.88,0.03673
874.19,0.04193
874.5,0.03778
874.82,0.03607
875.13,0.03714
875.45,0.03681
875.76,0.03729
876.07,0.03943
876.39,0.03914
876.7,0.03913
877.01,0.03723
877.33,0.04191
877.64,0.0374
877.95,0.03785
878.26,0.03864
878.58,0.04021
878.89,0.0405
879.2,0.03792
879.52,0.03616
879.83,0.03485
880.14,0.03923
880.45,0.03671
880.77,0.03897
881.08,0.0359
881.39,0.03947
881.7,0.03421
882.02,0.03721
882.33,0.03871
882.64,0.03961
882.95,0.03982
883.27,0.03922
883.58,0.03689
883.89,0.0384
884.2,0.03404
884.51,0.03406
884.83,0.03374
885.14,0.04178
885.45,0.0374
885.76,0.03633
886.07,0.03392
886.39,0.0376
886.7,0.03774
887.01,0.03874
887.32,0.04054
887.63,0.03472
887.94,0.03789
888.26,0.03754
888.57,0.0387
888.88,0.03782
889.19,0.03746
889.5,0.03744
889.81,0.03662
890.12,0.03638
890.43,0.03647
890.74,0.03495
891.06,0.03337
891.37,0.038
891.68,0.03888
891.99,0.03947
892.3,0.03837
892.61,0.03638
892.92,0.039
893.23,0.03706
893.54,0.03912
893.85,0.03886
894.16,0.04102
894.47,0.03815
894.78,0.03835
895.09,0.03782
895.4,0.03868
895.71,0.04066
896.02,0.04123
896.33,0.03777
896.64,0.04269
896.95,0.04023
897.26,0.03937
897.57,0.04134
897.88,0.04115
898.19,0.04008
898.5,0.03941
898.81,0.03917
899.12,0.04116
899.43,0.04041
899.74,0.03948
900.05,0.03749
900.36,0.03878
900.67,0.04195
900.98,0.04103
901.29,0.04213
901.6,0.03893
901.9,0.03937
902.21,0.04034
902.52,0.04015
902.83,0.04073
903.14,0.04246
903.45,0.04476
903.76,0.0406
904.07,0.04199
904.38,0.0394
904.68,0.04119
904.99,0.04016
905.3,0.04213
905.61,0.04265
905.92,0.04118
906.23,0.04442
906.54,0.04181
906.84,0.04222
907.15,0.04342
907.46,0.04208
907.77,0.04801
908.08,0.03806
908.38,0.04373
908.69,0.04582
909,0.04208
909.31,0.04598
909.62,0.04405
909.92,0.04406
910.23,0.04333
910.54,0.04847
910.85,0.0419
911.15,0.04251
911.46,0.04789
911.77,0.0463
912.08,0.04541
912.38,0.04483
912.69,0.04638
913,0.04947
913.3,0.04508
913.61,0.04511
913.92,0.04854
914.23,0.04488
914.53,0.04531
914.84,0.0481
915.15,0.04563
915.45,0.04446
915.76,0.04858
916.07,0.04798
916.37,0.04837
916.68,0.04487
916.99,0.04747
917.29,0.04705
917.6,0.0464
917.91,0.04373
918.21,0.04561
918.52,0.04588
918.82,0.04699
919.13,0.04725
919.44,0.05355
919.74,0.04957
920.05,0.04806
920.35,0.04768
920.66,0.04621
920.97,0.05359
921.27,0.04809
921.58,0.04616
921.88,0.04967
922.19,0.04862
922.49,0.04578
922.8,0.05339
923.11,0.04785
923.41,0.05074
923.72,0.05246
924.02,0.04917
924.33,0.05201
924.63,0.05045
924.94,0.05032
925.24,0.05141
925.55,0.05372
925.85,0.05162
926.16,0.05447
926.46,0.05162
926.77,0.05965
927.07,0.05816
927.38,0.05331
927.68,0.05302
927.99,0.05344
928.29,0.05763
928.59,0.05438
928.9,0.05789
929.2,0.05477
929.51,0.05488
929.81,0.05678
930.12,0.05752
930.42,0.05631
930.72,0.05687
931.03,0.05809
931.33,0.05576
931.64,0.05118
931.94,0.0577
932.24,0.05883
932.55,0.05679
932.85,0.05847
933.16,0.06305
933.46,0.05815
933.76,0.06131
934.07,0.05739
934.37,0.06195
934.67,0.06619
934.98,0.06677
935.28,0.06722
935.58,0.06679
935.89,0.06747
936.19,0.07309
936.49,0.07223
936.8,0.07421
937.1,0.07609
937.4,0.07741
937.7,0.07447
938.01,0.08018
938.31,0.07709
938.61,0.07438
938.92,0.08614
939.22,0.08431
939.52,0.08913
939.82,0.08008
940.13,0.09153
940.43,0.09245
940.73,0.08595
941.03,0.09248
941.34,0.09246
941.64,0.08808
941.94,0.08998
942.24,0.09752
942.54,0.09525
942.85,0.09649
943.15,0.08937
943.45,0.09165
943.75,0.09822
944.05,0.09286
944.35,0.0823
944.66,0.08753
944.96,0.09299
945.26,0.09077
945.56,0.08651
945.86,0.09341
946.16,0.08648
946.47,0.09151
946.77,0.0939
947.07,0.09088
947.37,0.08917
947.67,0.09227
947.97,0.09083
948.27,0.08622
948.57,0.09484
948.87,0.08094
949.18,0.08665
949.48,0.0941
949.78,0.08324
950.08,0.07818
950.38,0.08401
950.68,0.07972
950.98,0.0917
951.28,0.08402
951.58,0.08468
951.88,0.08683
952.18,0.09175
952.48,0.08876
952.78,0.08088
953.08,0.08257
953.38,0.07818
953.68,0.08499
953.98,0.08812
954.28,0.08633
954.58,0.08041
954.88,0.08454
955.18,0.08257
955.48,0.08638
955.78,0.08435
956.08,0.08355
956.38,0.0848
956.68,0.08527
956.98,0.0815
957.28,0.07957
957.58,0.08359
957.88,0.07478
958.18,0.08152
958.48,0.07274
958.77,0.08519
959.07,0.08477
959.37,0.07351
959.67,0.0814
959.97,0.0753
960.27,0.07821
960.57,0.07801
960.87,0.08291
961.17,0.07956
961.46,0.08329
961.76,0.08157
962.06,0.07239
962.36,0.07146
962.66,0.07405
962.96,0.08159
963.25,0.07718
963.55,0.08068
963.85,0.08576
964.15,0.075
964.45,0.08627
964.75,0.07617
965.04,0.07788
965.34,0.0755
965.64,0.07253
965.94,0.07925
966.24,0.08072
966.53,0.07941
966.83,0.07684
967.13,0.08672
967.43,0.07833
967.72,0.08274
968.02,0.08564
968.32,0.08827
968.62,0.08391
968.91,0.08126
969.21,0.07849
969.51,0.08338
969.8,0.08426
970.1,0.08714
970.4,0.0848
970.7,0.08186
970.99,0.08191
971.29,0.08279
971.59,0.07903
971.88,0.09
972.18,0.08571
972.48,0.09193
972.77,0.09017
973.07,0.0901
973.37,0.08925
973.66,0.08452
973.96,0.08915
974.25,0.09006
974.55,0.08886
974.85,0.08293
975.14,0.08891
975.44,0.08504
975.74,0.09708
976.03,0.08741
976.33,0.08252
976.62,0.09313
976.92,0.09206
977.22,0.09501
977.51,0.09301
977.81,0.08863
978.1,0.09137
978.4,0.09137
978.69,0.09765
978.99,0.09744
979.28,0.08867
979.58,0.0916
979.87,0.09591
980.17,0.09491
980.46,0.08924
980.76,0.1007
981.06,0.09607
981.35,0.10047
981.65,0.0931
981.94,0.10245
982.23,0.10032
982.53,0.09312
982.82,0.09499
983.12,0.09521
983.41,0.09796
983.71,0.10176
984,0.09622
984.3,0.09457
984.59,0.10358
984.89,0.09887
985.18,0.10799
985.47,0.0993
985.77,0.10956
986.06,0.10292
986.36,0.09966
986.65,0.09879
986.94,0.11054
987.24,0.11153
987.53,0.10335
987.83,0.11036
988.12,0.10633
988.41,0.09972
988.71,0.10853
989,0.11304
989.29,0.10532
989.59,0.10382
989.88,0.11335
990.17,0.11341
990.47,0.10817
990.76,0.10196
991.05,0.10826
991.35,0.12181
991.64,0.10186
991.93,0.11647
992.23,0.11992
992.52,0.11167
992.81,0.125
993.11,0.13306
993.4,0.11859
993.69,0.12389
993.98,0.11987
994.28,0.12894
994.57,0.12388
994.86,0.12377
995.15,0.138
995.45,0.12931
995.74,0.12602
996.03,0.12812
996.32,0.12148
996.62,0.11874
996.91,0.13686
997.2,0.13086
997.49,0.12835
997.78,0.12674
998.08,0.14092
998.37,0.13146
998.66,0.125
998.95,0.13375
999.24,0.12613
999.53,0.13225
999.83,0.13755
1000.12,0.13577
1000.41,0.12203
1000.7,0.13766
1000.99,0.14145
1001.28,0.13496
1001.57,0.13462
1001.86,0.15065
1002.16,0.14654
1002.45,0.14415
1002.74,0.13872
1003.03,0.15701
1003.32,0.14992
1003.61,0.14656
1003.9,0.15798
1004.19,0.15366
1004.48,0.146
1004.77,0.1624
1005.06,0.15421
1005.35,0.14447
1005.64,0.14965
1005.94,0.16457
1006.23,0.15518
1006.52,0.15673
1006.81,0.13457
1007.1,0.15661
1007.39,0.17552
1007.68,0.16371
1007.97,0.17125
1008.26,0.16314
1008.55,0.16733
1008.84,0.1604
1009.13,0.15501
1009.42,0.15699
1009.71,0.1634
1009.99,0.16263
1010.28,0.18419
1010.57,0.16887
1010.86,0.18411
1011.15,0.1896
1011.44,0.18124
1011.73,0.18291
1012.02,0.19123
1012.31,0.17976
1012.6,0.195
1012.89,0.19361
1013.18,0.18986
1013.47,0.18396
1013.75,0.1974
1014.04,0.20444
1014.33,0.19671
1014.62,0.18158
1014.91,0.20596
1015.2,0.18929
1015.49,0.19689
1015.78,0.20852
1016.06,0.20839
1016.35,0.20896
1016.64,0.22303
1016.93,0.18376
1017.22,0.21699
1017.51,0.21617
1017.79,0.21076
1018.08,0.20651
1018.37,0.21575
1018.66,0.23033
1018.95,0.23101
1019.23,0.21981
1019.52,0.22397
1019.81,0.23958
1020.1,0.22203
1020.38,0.21811
1020.67,0.24027
1020.96,0.23353
1021.25,0.25
1021.53,0.23766
1021.82,0.26732
1022.11,0.2463
1022.4,0.2675
1022.68,0.24763
1022.97,0.26544
1023.26,0.23845
1023.54,0.2518
1023.83,0.26
1024.12,0.27654
1024.4,0.26054
1024.69,0.27533
1024.98,0.26405
1025.26,0.27205
1025.55,0.26634
1025.84,0.26011
1026.12,0.27211
1026.41,0.26537
1026.7,0.29201
1026.98,0.27844
1027.27,0.28325
1027.56,0.27503
1027.84,0.27349
1028.13,0.26468
1028.41,0.29709
1028.7,0.28135
1028.99,0.29032
1029.27,0.29257
1029.56,0.27353
1029.84,0.30626
1030.13,0.29361
1030.42,0.29361
1030.7,0.29361
