wavelength_nm,reflectance
340.02,1.02851
340.4,1.02851
340.78,1.02851
341.16,0.99758
341.54,1.0201
341.93,1.03704
342.31,0.89549
342.69,0.93267
343.07,0.93799
343.45,1.04948
343.83,1.03581
344.21,0.95135
344.59,0.98943
344.97,0.99733
345.35,1.06896
345.73,0.92805
346.11,1.09651
346.49,1.03023
346.87,1.07652
347.25,1.063
347.63,1.01319
348.01,1.02273
348.39,1.05898
348.77,1.03179
349.15,1.01716
349.53,0.97255
349.91,0.98448
350.29,1.00939
350.67,1.00943
351.05,0.90718
351.43,0.96296
351.81,0.91755
352.19,0.9408
352.57,0.95922
352.95,1.10322
353.33,1
353.71,0.91667
354.09,0.96443
354.47,0.93247
354.85,0.96202
355.23,0.99339
355.61,1.00655
355.99,1.00216
356.37,0.97736
356.75,1.01879
357.12,0.98501
357.5,0.99335
357.88,0.90373
358.26,1.0361
358.64,0.93504
359.02,0.95238
359.4,0.96881
359.78,1.09847
360.16,0.99787
360.54,0.90683
360.92,1.01474
361.29,0.98167
361.67,1.02754
362.05,0.97899
362.43,0.92341
362.81,1.03486
363.19,1.03829
363.57,1.04485
363.95,1.00658
364.32,1.00682
364.7,1.01577
365.08,1.01082
365.46,1.00212
365.84,0.98052
366.22,0.99585
366.6,1.00842
366.97,0.98468
367.35,0.97385
367.73,1.02184
368.11,0.97703
368.49,1.02962
368.86,0.92622
369.24,1
369.62,1.01721
370,1.06608
370.38,1.09761
370.76,0.96638
371.13,0.91286
371.51,0.98899
371.89,0.98347
372.27,1.0443
372.64,1.01519
373.02,0.98938
373.4,1
373.78,0.94904
374.16,0.91036
374.53,1.00211
374.91,1.02564
375.29,0.93291
375.67,0.9957
376.04,0.98085
376.42,0.9371
376.8,0.97052
377.18,0.98941
377.55,0.87716
377.93,1.0432
378.31,0.97644
378.68,0.92064
379.06,0.93227
379.44,0.95801
379.82,1.01066
380.19,0.93969
380.57,0.9605
380.95,0.91891
381.32,0.9938
381.7,0.9397
382.08,0.86561
382.46,0.93495
382.83,0.95401
383.21,0.96863
383.59,0.99368
383.96,0.99384
384.34,0.881
384.72,0.94292
385.09,0.95704
385.47,1.0082
385.85,0.97013
386.22,0.98409
386.6,0.9082
386.97,0.89924
387.35,0.87569
387.73,0.90927
388.1,0.97395
388.48,0.91555
388.86,0.90059
389.23,0.87751
389.61,0.87453
389.98,0.83302
390.36,0.89675
390.74,0.9572
391.11,0.94518
391.49,0.90545
391.87,0.86453
392.24,0.95047
392.62,0.90341
392.99,0.92993
393.37,0.89599
393.74,0.93922
394.12,0.88073
394.5,0.92433
394.87,0.87148
395.25,0.85715
395.62,0.88608
396,0.86034
396.37,0.89407
396.75,0.87523
397.12,0.81911
397.5,0.83393
397.88,0.81575
398.25,0.82986
398.63,0.88649
399,0.91115
399.38,0.90597
399.75,0.82333
400.13,0.86087
400.5,0.81667
400.88,0.85916
401.25,0.86573
401.63,0.85344
402,0.83871
402.38,0.82404
402.75,0.86655
403.13,0.87157
403.5,0.85857
403.88,0.83701
404.25,0.82735
404.63,0.88388
405,0.85259
405.37,0.8451
405.75,0.88066
406.12,0.80066
406.5,0.81209
406.87,0.81187
407.25,0.86655
407.62,0.80265
408,0.79067
408.37,0.80667
408.74,0.84823
409.12,0.86402
409.49,0.84032
409.87,0.86655
410.24,0.85025
410.62,0.84786
410.99,0.82624
411.36,0.79008
411.74,0.88928
412.11,0.84641
412.49,0.74074
412.86,0.80913
413.23,0.89402
413.61,0.76849
413.98,0.84256
414.35,0.8203
414.73,0.84288
415.1,0.81342
415.48,0.82294
415.85,0.83892
416.22,0.76191
416.6,0.82803
416.97,0.8304
417.34,0.88946
417.72,0.77812
418.09,0.83197
418.46,0.85267
418.84,0.73885
419.21,0.77581
419.58,0.80351
419.96,0.76073
420.33,0.76996
420.7,0.78638
421.08,0.83226
421.45,0.76565
421.82,0.77541
422.19,0.84245
422.57,0.79627
422.94,0.84514
423.31,0.76936
423.69,0.81536
424.06,0.86218
424.43,0.78594
424.8,0.74774
425.18,0.72973
425.55,0.7454
425.92,0.7969
426.29,0.75195
426.67,0.82556
427.04,0.77568
427.41,0.76576
427.78,0.83546
428.16,0.80854
428.53,0.76176
428.9,0.83054
429.27,0.82492
429.65,0.74888
430.02,0.79908
430.39,0.73364
430.76,0.77568
431.13,0.74888
431.51,0.76532
431.88,0.75405
432.25,0.73538
432.62,0.74923
432.99,0.87377
433.37,0.83173
433.74,0.80371
434.11,0.75405
434.48,0.75556
434.85,0.74496
435.22,0.76081
435.6,0.75
435.97,0.78455
436.34,0.76656
436.71,0.74336
437.08,0.75882
437.45,0.71408
437.82,0.75568
438.2,0.71791
438.57,0.71136
438.94,0.7145
439.31,0.69865
439.68,0.71586
440.05,0.72171
440.42,0.69323
440.79,0.68302
441.16,0.73883
441.54,0.68942
441.91,0.68988
442.28,0.67909
442.65,0.64565
443.02,0.63945
443.39,0.67771
443.76,0.68782
444.13,0.68414
444.5,0.66542
444.87,0.67822
445.24,0.61655
445.61,0.69136
445.98,0.66748
446.35,0.6295
446.72,0.61213
447.1,0.59204
447.47,0.62723
447.84,0.62979
448.21,0.6181
448.58,0.62573
448.95,0.57994
449.32,0.65182
449.69,0.63863
450.06,0.62583
450.43,0.58333
450.8,0.59183
451.17,0.62723
451.54,0.62111
451.91,0.6261
452.28,0.59913
452.65,0.5954
453.02,0.61931
453.39,0.63509
453.76,0.62357
454.13,0.60757
454.5,0.60745
454.86,0.64459
455.23,0.60729
455.6,0.5641
455.97,0.62046
456.34,0.57573
456.71,0.5828
457.08,0.58113
457.45,0.63797
457.82,0.64111
458.19,0.5849
458.56,0.59324
458.93,0.56827
459.3,0.56839
459.67,0.57098
460.03,0.56591
460.4,0.53957
460.77,0.555
461.14,0.59005
461.51,0.57171
461.88,0.5852
462.25,0.54769
462.62,0.54982
462.99,0.54326
463.35,0.52771
463.72,0.53846
464.09,0.55636
464.46,0.5515
464.83,0.57551
465.2,0.50809
465.57,0.49702
465.93,0.49584
466.3,0.49747
466.67,0.49511
467.04,0.49762
467.41,0.50241
467.78,0.49772
468.14,0.45592
468.51,0.48561
468.88,0.46624
469.25,0.46908
469.62,0.44384
469.98,0.48462
470.35,0.43635
470.72,0.41379
471.09,0.43436
471.46,0.43306
471.82,0.41667
472.19,0.42089
472.56,0.407
472.93,0.41711
473.29,0.42883
473.66,0.41354
474.03,0.38173
474.4,0.38938
474.76,0.38078
475.13,0.3773
475.5,0.36254
475.87,0.3758
476.23,0.37266
476.6,0.35383
476.97,0.36009
477.34,0.35779
477.7,0.37414
478.07,0.35801
478.44,0.33387
478.8,0.35918
479.17,0.3455
479.54,0.33713
479.91,0.32964
480.27,0.32824
480.64,0.33384
481.01,0.32745
481.37,0.32504
481.74,0.32128
482.11,0.321
482.47,0.32031
482.84,0.3222
483.21,0.32934
483.57,0.31955
483.94,0.33465
484.31,0.3127
484.67,0.30602
485.04,0.31908
485.4,0.29855
485.77,0.29721
486.14,0.29566
486.5,0.3096
486.87,0.30333
487.24,0.29193
487.6,0.30405
487.97,0.28827
488.33,0.30543
488.7,0.29368
489.07,0.29855
489.43,0.29673
489.8,0.2909
490.16,0.28775
490.53,0.28496
490.89,0.28276
491.26,0.27926
491.63,0.28884
491.99,0.28924
492.36,0.27642
492.72,0.27738
493.09,0.27748
493.45,0.28731
493.82,0.27752
494.18,0.26499
494.55,0.26926
494.92,0.26921
495.28,0.26595
495.65,0.26612
496.01,0.26948
496.38,0.2614
496.74,0.26298
497.11,0.25757
497.47,0.27178
497.84,0.25585
498.2,0.25988
498.57,0.25917
498.93,0.25701
499.3,0.25402
499.66,0.26085
500.03,0.25523
500.39,0.25533
500.75,0.25537
501.12,0.25309
501.48,0.25012
501.85,0.24836
502.21,0.24339
502.58,0.25369
502.94,0.24044
503.31,0.23639
503.67,0.24117
504.03,0.24269
504.4,0.24989
504.76,0.24452
505.13,0.24368
505.49,0.24095
505.86,0.23442
506.22,0.23831
506.58,0.22903
506.95,0.23515
507.31,0.23292
507.68,0.23503
508.04,0.22511
508.4,0.2308
508.77,0.21722
509.13,0.23269
509.49,0.23031
509.86,0.22896
510.22,0.22767
510.59,0.22674
510.95,0.21957
511.31,0.22912
511.68,0.22298
512.04,0.2226
512.4,0.22363
512.77,0.21775
513.13,0.21989
513.49,0.21632
513.86,0.21818
514.22,0.22066
514.58,0.21795
514.94,0.21755
515.31,0.21623
515.67,0.21682
516.03,0.21777
516.4,0.21458
516.76,0.21523
517.12,0.21376
517.49,0.21012
517.85,0.21478
518.21,0.21611
518.57,0.21407
518.94,0.21238
519.3,0.21061
519.66,0.20876
520.02,0.2159
520.39,0.21248
520.75,0.20893
521.11,0.20898
521.47,0.21335
521.84,0.21144
522.2,0.21022
522.56,0.20932
522.92,0.20832
523.28,0.20993
523.65,0.20994
524.01,0.2107
524.37,0.21034
524.73,0.21157
525.1,0.21013
525.46,0.21681
525.82,0.2083
526.18,0.21395
526.54,0.21511
526.9,0.21046
527.27,0.21185
527.63,0.21079
527.99,0.21149
528.35,0.21049
528.71,0.21174
529.07,0.21444
529.44,0.21227
529.8,0.2102
530.16,0.21154
530.52,0.211
530.88,0.20835
531.24,0.21151
531.6,0.2127
531.96,0.21096
532.33,0.20859
532.69,0.2094
533.05,0.21449
533.41,0.20964
533.77,0.21256
534.13,0.21279
534.49,0.21214
534.85,0.21055
535.21,0.21251
535.57,0.21212
535.93,0.2108
536.3,0.20581
536.66,0.20795
537.02,0.21317
537.38,0.2129
537.74,0.21514
538.1,0.20806
538.46,0.21039
538.82,0.21433
539.18,0.2124
539.54,0.21067
539.9,0.20976
540.26,0.21274
540.62,0.20823
540.98,0.21023
541.34,0.20918
541.7,0.2119
542.06,0.20377
542.42,0.21419
542.78,0.21094
543.14,0.21214
543.5,0.21181
543.86,0.21413
544.22,0.21387
544.58,0.21541
544.94,0.21389
545.3,0.21456
545.66,0.21266
546.02,0.21144
546.38,0.21522
546.74,0.21537
547.1,0.21799
547.46,0.21716
547.82,0.21262
548.17,0.21319
548.53,0.21358
548.89,0.21212
549.25,0.21372
549.61,0.21637
549.97,0.21941
550.33,0.22114
550.69,0.22501
551.05,0.21779
551.41,0.21876
551.77,0.22131
552.12,0.22005
552.48,0.2237
552.84,0.22227
553.2,0.22666
553.56,0.22298
553.92,0.2259
554.28,0.22924
554.64,0.22698
554.99,0.2308
555.35,0.22918
555.71,0.23032
556.07,0.22852
556.43,0.23054
556.79,0.2273
557.14,0.23584
557.5,0.23108
557.86,0.2354
558.22,0.2332
558.58,0.22974
558.93,0.23472
559.29,0.23431
559.65,0.23898
560.01,0.23827
560.37,0.23926
560.72,0.2363
561.08,0.23947
561.44,0.24077
561.8,0.23818
562.16,0.23744
562.51,0.24057
562.87,0.23443
563.23,0.23931
563.59,0.23867
563.94,0.23539
564.3,0.24427
564.66,0.2379
565.02,0.23997
565.37,0.23948
565.73,0.24171
566.09,0.23716
566.44,0.24544
566.8,0.24445
567.16,0.24219
567.52,0.24215
567.87,0.2442
568.23,0.23885
568.59,0.23961
568.94,0.24293
569.3,0.24266
569.66,0.24341
570.01,0.24295
570.37,0.24196
570.73,0.24403
571.08,0.24387
571.44,0.24097
571.8,0.24125
572.15,0.24524
572.51,0.24531
572.87,0.24171
573.22,0.24605
573.58,0.24368
573.94,0.24305
574.29,0.24643
574.65,0.24532
575,0.24316
575.36,0.24316
575.72,0.24315
576.07,0.24619
576.43,0.24546
576.78,0.24398
577.14,0.23962
577.5,0.24136
577.85,0.2448
578.21,0.24403
578.56,0.24729
578.92,0.24317
579.28,0.24901
579.63,0.24297
579.99,0.24675
580.34,0.24817
580.7,0.24778
581.05,0.25449
581.41,0.25054
581.76,0.24755
582.12,0.24667
582.47,0.24744
582.83,0.25565
583.18,0.24773
583.54,0.24679
583.89,0.2497
584.25,0.2522
584.6,0.25083
584.96,0.25709
585.31,0.25161
585.67,0.25237
586.02,0.25591
586.38,0.25063
586.73,0.25774
587.09,0.25253
587.44,0.25454
587.8,0.25701
588.15,0.25759
588.51,0.25774
588.86,0.26111
589.22,0.26084
589.57,0.26155
589.93,0.26019
590.28,0.26016
590.63,0.26257
590.99,0.26089
591.34,0.26162
591.7,0.26469
592.05,0.27003
592.4,0.26465
592.76,0.26883
593.11,0.27002
593.47,0.27234
593.82,0.27217
594.17,0.27315
594.53,0.27154
594.88,0.27348
595.24,0.27511
595.59,0.27652
595.94,0.27434
596.3,0.27861
596.65,0.27636
597,0.28109
597.36,0.276
597.71,0.28064
598.06,0.27525
598.42,0.2797
598.77,0.2796
599.12,0.28617
599.48,0.27761
599.83,0.28516
600.18,0.28116
600.54,0.28102
600.89,0.29032
601.24,0.28775
601.6,0.28654
601.95,0.29229
602.3,0.29089
602.65,0.28826
603.01,0.29069
603.36,0.29108
603.71,0.28962
604.07,0.28652
604.42,0.29319
604.77,0.2927
605.12,0.2946
605.48,0.29086
605.83,0.28956
606.18,0.29007
606.53,0.28601
606.88,0.28744
607.24,0.29563
607.59,0.29604
607.94,0.29298
608.29,0.29389
608.65,0.29295
609,0.295
609.35,0.29534
609.7,0.2926
610.05,0.29605
610.41,0.29479
610.76,0.29163
611.11,0.29474
611.46,0.29069
611.81,0.29888
612.16,0.29144
612.52,0.29664
612.87,0.29429
613.22,0.29672
613.57,0.2987
613.92,0.29323
614.27,0.29435
614.62,0.29508
614.98,0.29348
615.33,0.29492
615.68,0.29493
616.03,0.29458
616.38,0.29191
616.73,0.28768
617.08,0.29431
617.43,0.29537
617.78,0.29181
618.14,0.29342
618.49,0.29375
618.84,0.29541
619.19,0.29582
619.54,0.29169
619.89,0.29583
620.24,0.29376
620.59,0.28811
620.94,0.29019
621.29,0.29282
621.64,0.29214
621.99,0.29501
622.34,0.29161
622.69,0.29123
623.04,0.28821
623.39,0.29228
623.74,0.28799
624.09,0.294
624.44,0.28883
624.79,0.28603
625.14,0.28792
625.49,0.28883
625.84,0.28857
626.19,0.28445
626.54,0.28729
626.89,0.28828
627.24,0.28427
627.59,0.28625
627.94,0.28805
628.29,0.29216
628.64,0.28821
628.99,0.29135
629.34,0.2894
629.69,0.2876
630.04,0.29048
630.39,0.28842
630.74,0.29153
631.09,0.28571
631.44,0.28766
631.79,0.2897
632.14,0.29184
632.49,0.28784
632.83,0.28896
633.18,0.29336
633.53,0.29318
633.88,0.28882
634.23,0.28933
634.58,0.28873
634.93,0.28896
635.28,0.28802
635.63,0.28745
635.97,0.29224
636.32,0.29228
636.67,0.29378
637.02,0.28741
637.37,0.2947
637.72,0.29291
638.07,0.2909
638.41,0.2965
638.76,0.29078
639.11,0.29736
639.46,0.29586
639.81,0.2952
640.15,0.29625
640.5,0.29544
640.85,0.29913
641.2,0.30336
641.55,0.29665
641.89,0.29555
642.24,0.303
642.59,0.30518
642.94,0.29974
643.29,0.30374
643.63,0.30658
643.98,0.3005
644.33,0.30317
644.68,0.29913
645.02,0.29787
645.37,0.30096
645.72,0.30483
646.07,0.30834
646.41,0.30856
646.76,0.30714
647.11,0.31093
647.46,0.31001
647.8,0.30828
648.15,0.30693
648.5,0.3104
648.84,0.31308
649.19,0.31237
649.54,0.31436
649.88,0.30949
650.23,0.31363
650.58,0.31707
650.93,0.31237
651.27,0.3131
651.62,0.31495
651.97,0.31977
652.31,0.31545
652.66,0.31506
653,0.31673
653.35,0.32019
653.7,0.31611
654.04,0.32083
654.39,0.32359
654.74,0.32576
655.08,0.32446
655.43,0.32345
655.77,0.32097
656.12,0.32419
656.47,0.32409
656.81,0.32179
657.16,0.32775
657.5,0.32465
657.85,0.32602
658.2,0.31941
658.54,0.32641
658.89,0.32486
659.23,0.32488
659.58,0.32425
659.92,0.32889
660.27,0.3285
660.62,0.32558
660.96,0.32907
661.31,0.32923
661.65,0.32918
662,0.33121
662.34,0.33024
662.69,0.32746
663.03,0.3286
663.38,0.33077
663.72,0.33088
664.07,0.33655
664.41,0.33712
664.76,0.33415
665.1,0.33469
665.45,0.334
665.79,0.32908
666.14,0.33143
666.48,0.32826
666.83,0.33046
667.17,0.33262
667.52,0.33133
667.86,0.32999
668.21,0.3342
668.55,0.3328
668.89,0.33512
669.24,0.33551
669.58,0.33386
669.93,0.33846
670.27,0.33111
670.62,0.33138
670.96,0.32586
671.3,0.33565
671.65,0.32804
671.99,0.32984
672.34,0.32621
672.68,0.32873
673.02,0.32598
673.37,0.32231
673.71,0.32978
674.06,0.3316
674.4,0.32709
674.74,0.32623
675.09,0.33431
675.43,0.32532
675.77,0.32789
676.12,0.3257
676.46,0.32473
676.8,0.3249
677.15,0.3203
677.49,0.32105
677.83,0.31806
678.18,0.32471
678.52,0.31714
678.86,0.31611
679.21,0.31805
679.55,0.3187
679.89,0.31633
680.23,0.31921
680.58,0.31901
680.92,0.31308
681.26,0.3218
681.61,0.31711
681.95,0.3132
682.29,0.3169
682.63,0.31371
682.98,0.31322
683.32,0.31402
683.66,0.31362
684,0.31346
684.35,0.30834
684.69,0.3119
685.03,0.31176
685.37,0.30812
685.71,0.31035
686.06,0.31028
686.4,0.31247
686.74,0.31001
687.08,0.31358
687.42,0.31132
687.77,0.30564
688.11,0.30827
688.45,0.31271
688.79,0.30898
689.13,0.30541
689.48,0.30807
689.82,0.30687
690.16,0.30342
690.5,0.30646
690.84,0.30655
691.18,0.30779
691.52,0.3141
691.87,0.30919
692.21,0.31014
692.55,0.30384
692.89,0.30288
693.23,0.30577
693.57,0.30688
693.91,0.30329
694.25,0.30579
694.59,0.30386
694.94,0.30623
695.28,0.29966
695.62,0.30668
695.96,0.30397
696.3,0.30608
696.64,0.30108
696.98,0.30591
697.32,0.30185
697.66,0.30643
698,0.30824
698.34,0.30276
698.68,0.30413
699.02,0.30363
699.36,0.29981
699.7,0.30803
700.04,0.30531
700.38,0.30789
700.72,0.30508
701.06,0.30332
701.4,0.30125
701.74,0.29773
702.08,0.30349
702.42,0.30369
702.76,0.30382
703.1,0.30704
703.44,0.30841
703.78,0.30366
704.12,0.3051
704.46,0.30521
704.8,0.30103
705.14,0.30521
705.48,0.31032
705.82,0.30195
706.16,0.30433
706.5,0.30694
706.84,0.30462
707.18,0.30747
707.52,0.30266
707.86,0.3003
708.2,0.30768
708.53,0.3014
708.87,0.30355
709.21,0.30751
709.55,0.30857
709.89,0.30827
710.23,0.30762
710.57,0.30497
710.91,0.30924
711.25,0.30804
711.58,0.30886
711.92,0.30875
712.26,0.30845
712.6,0.31146
712.94,0.3094
713.28,0.30702
713.62,0.30744
713.95,0.31526
714.29,0.30996
714.63,0.31159
714.97,0.31168
715.31,0.31426
715.64,0.31537
715.98,0.31582
716.32,0.31334
716.66,0.31372
717,0.31189
717.33,0.30913
717.67,0.31308
718.01,0.31116
718.35,0.30996
718.69,0.31284
719.02,0.31712
719.36,0.31275
719.7,0.3141
720.04,0.31461
720.37,0.31224
720.71,0.31255
721.05,0.31338
721.38,0.31081
721.72,0.31612
722.06,0.31255
722.4,0.31377
722.73,0.31165
723.07,0.31204
723.41,0.31545
723.74,0.31624
724.08,0.31424
724.42,0.31609
724.76,0.31286
725.09,0.32047
725.43,0.31654
725.77,0.31725
726.1,0.31578
726.44,0.31368
726.78,0.31811
727.11,0.31942
727.45,0.32267
727.78,0.31301
728.12,0.32005
728.46,0.31401
728.79,0.31762
729.13,0.32199
729.47,0.31568
729.8,0.31841
730.14,0.31999
730.47,0.31428
730.81,0.31844
731.15,0.32372
731.48,0.32012
731.82,0.32332
732.15,0.32446
732.49,0.32429
732.82,0.3258
733.16,0.32051
733.5,0.32237
733.83,0.32409
734.17,0.32434
734.5,0.32982
734.84,0.32949
735.17,0.32771
735.51,0.32783
735.84,0.32685
736.18,0.32765
736.51,0.32247
736.85,0.33059
737.18,0.32776
737.52,0.32037
737.85,0.32638
738.19,0.3277
738.52,0.328
738.86,0.32644
739.19,0.33272
739.53,0.32701
739.86,0.32877
740.2,0.32667
740.53,0.3295
740.87,0.32237
741.2,0.32793
741.54,0.33254
741.87,0.32528
742.2,0.32952
742.54,0.32599
742.87,0.32381
743.21,0.32855
743.54,0.32492
743.88,0.32875
744.21,0.32519
744.54,0.3234
744.88,0.32223
745.21,0.32487
745.55,0.32412
745.88,0.32289
746.21,0.32358
746.55,0.32197
746.88,0.3269
747.21,0.32069
747.55,0.3245
747.88,0.32444
748.21,0.32581
748.55,0.32233
748.88,0.3291
749.21,0.32634
749.55,0.31901
749.88,0.32396
750.21,0.32587
750.55,0.31883
750.88,0.32107
751.21,0.32732
751.55,0.32183
751.88,0.32519
752.21,0.31972
752.55,0.32571
752.88,0.32659
753.21,0.32213
753.54,0.31957
753.88,0.32033
754.21,0.31746
754.54,0.32303
754.87,0.32436
755.21,0.32495
755.54,0.32874
755.87,0.32132
756.2,0.32033
756.54,0.32126
756.87,0.32204
757.2,0.32741
757.53,0.32444
757.86,0.32441
758.2,0.31943
758.53,0.32515
758.86,0.32249
759.19,0.32341
759.52,0.32225
759.86,0.32458
760.19,0.31908
760.52,0.3246
760.85,0.32196
761.18,0.32382
761.51,0.32273
761.85,0.32148
762.18,0.32589
762.51,0.32544
762.84,0.32463
763.17,0.32063
763.5,0.32395
763.83,0.31947
764.16,0.32593
764.5,0.31972
764.83,0.3253
765.16,0.31988
765.49,0.3195
765.82,0.32065
766.15,0.32293
766.48,0.32619
766.81,0.32192
767.14,0.32435
767.47,0.32613
767.8,0.32401
768.13,0.32435
768.47,0.32036
768.8,0.32527
769.13,0.32293
769.46,0.32359
769.79,0.32187
770.12,0.32191
770.45,0.32446
770.78,0.32433
771.11,0.32848
771.44,0.32442
771.77,0.3299
772.1,0.3282
772.43,0.32862
772.76,0.3203
773.09,0.32797
773.42,0.32415
773.75,0.32782
774.08,0.32704
774.41,0.32325
774.74,0.3263
775.07,0.32697
775.4,0.32281
775.72,0.32841
776.05,0.32506
776.38,0.32154
776.71,0.32616
777.04,0.32994
777.37,0.32526
777.7,0.32729
778.03,0.3281
778.36,0.3257
778.69,0.31983
779.02,0.32535
779.35,0.32428
779.67,0.32871
780,0.33167
780.33,0.33033
780.66,0.33147
780.99,0.33626
781.32,0.32094
781.65,0.3259
781.98,0.33183
782.3,0.32154
782.63,0.32224
782.96,0.33465
783.29,0.32879
783.62,0.32841
783.95,0.32886
784.27,0.33252
784.6,0.33002
784.93,0.32819
785.26,0.33289
785.59,0.33034
785.91,0.32401
786.24,0.33189
786.57,0.3362
786.9,0.3234
787.22,0.33214
787.55,0.33509
787.88,0.33344
788.21,0.33638
788.54,0.32735
788.86,0.33485
789.19,0.3348
789.52,0.32873
789.84,0.33146
790.17,0.32849
790.5,0.33477
790.83,0.34254
791.15,0.33322
791.48,0.33495
791.81,0.33496
792.13,0.33524
792.46,0.33631
792.79,0.33875
793.12,0.34288
793.44,0.33423
793.77,0.33497
794.1,0.33586
794.42,0.33787
794.75,0.34285
795.08,0.33734
795.4,0.34304
795.73,0.33518
796.06,0.341
796.38,0.3336
796.71,0.33666
797.03,0.34006
797.36,0.33655
797.69,0.34353
798.01,0.33562
798.34,0.33591
798.66,0.34609
798.99,0.33552
799.32,0.33622
799.64,0.34412
799.97,0.34372
800.29,0.33785
800.62,0.33619
800.95,0.33656
801.27,0.33488
801.6,0.32819
801.92,0.3388
802.25,0.34567
802.57,0.34078
802.9,0.34702
803.22,0.33611
803.55,0.34156
803.87,0.33738
804.2,0.34156
804.52,0.3364
804.85,0.34442
805.17,0.33616
805.5,0.32735
805.82,0.34025
806.15,0.3421
806.47,0.33576
806.8,0.34217
807.12,0.34154
807.45,0.34434
807.77,0.34399
808.1,0.34009
808.42,0.33868
808.75,0.34392
809.07,0.34303
809.39,0.33511
809.72,0.34025
810.04,0.33612
810.37,0.34754
810.69,0.34421
811.02,0.33813
811.34,0.35085
811.66,0.34074
811.99,0.34336
812.31,0.34362
812.64,0.34367
812.96,0.34707
813.28,0.34179
813.61,0.35135
813.93,0.3483
814.25,0.3513
814.58,0.34131
814.9,0.34208
815.22,0.34611
815.55,0.34629
815.87,0.34899
816.19,0.3436
816.52,0.34028
816.84,0.34704
817.16,0.34647
817.49,0.34538
817.81,0.342
818.13,0.34653
818.46,0.34455
818.78,0.3441
819.1,0.34827
819.42,0.34218
819.75,0.34153
820.07,0.3459
820.39,0.35083
820.72,0.34709
821.04,0.34867
821.36,0.34505
821.68,0.34241
822.01,0.34481
822.33,0.34926
822.65,0.34697
822.97,0.34796
823.29,0.35207
823.62,0.35918
823.94,0.35252
824.26,0.35252
824.58,0.35136
824.9,0.35365
825.23,0.3541
825.55,0.34856
825.87,0.34923
826.19,0.3472
826.51,0.34983
826.84,0.34925
827.16,0.34867
827.48,0.34957
827.8,0.35085
828.12,0.35215
828.44,0.34746
828.76,0.35399
829.09,0.35281
829.41,0.35548
829.73,0.34931
830.05,0.34683
830.37,0.35106
830.69,0.35081
831.01,0.35276
831.33,0.34933
831.65,0.34845
831.97,0.35896
832.3,0.35499
832.62,0.35877
832.94,0.35394
833.26,0.35309
833.58,0.35935
833.9,0.35988
834.22,0.35644
834.54,0.36228
834.86,0.35153
835.18,0.35493
835.5,0.35196
835.82,0.35262
836.14,0.36158
836.46,0.35878
836.78,0.35386
837.1,0.35519
837.42,0.35727
837.74,0.3554
838.06,0.35574
838.38,0.35379
838.7,0.36132
839.02,0.35785
839.34,0.36341
839.66,0.36172
839.98,0.36117
840.3,0.35178
840.62,0.36114
840.94,0.35563
841.26,0.35432
841.58,0.36171
841.89,0.36261
842.21,0.35965
842.53,0.35839
842.85,0.36356
843.17,0.35291
843.49,0.35698
843.81,0.35983
844.13,0.36011
844.45,0.35927
844.77,0.36158
845.08,0.36208
845.4,0.36608
845.72,0.36019
846.04,0.36015
846.36,0.35684
846.68,0.3608
847,0.36086
847.31,0.35756
847.63,0.35897
847.95,0.35936
848.27,0.35602
848.59,0.36185
848.9,0.36204
849.22,0.36419
849.54,0.36411
849.86,0.37008
850.18,0.36808
850.49,0.3705
850.81,0.36522
851.13,0.37003
851.45,0.3653
851.77,0.36461
852.08,0.36678
852.4,0.36504
852.72,0.37017
853.04,0.37029
853.35,0.36417
853.67,0.3632
853.99,0.36553
854.3,0.36321
854.62,0.37402
854.94,0.36425
855.26,0.3716
855.57,0.37389
855.89,0.37077
856.21,0.36984
856.52,0.3703
856.84,0.36679
857.16,0.36857
857.47,0.36944
857.79,0.36303
858.11,0.37007
858.42,0.36678
858.74,0.37255
859.06,0.36722
859.37,0.36198
859.69,0.3722
860.01,0.37312
860.32,0.3754
860.64,0.36872
860.95,0.37074
861.27,0.3748
861.59,0.37771
861.9,0.37998
862.22,0.37558
862.53,0.38114
862.85,0.3794
863.17,0.37262
863.48,0.36917
863.8,0.37386
864.11,0.36858
864.43,0.37252
864.74,0.36852
865.06,0.37675
865.38,0.38072
865.69,0.38586
866.01,0.36929
866.32,0.3741
866.64,0.37521
866.95,0.37427
867.27,0.37727
867.58,0.3798
867.9,0.3818
868.21,0.38304
868.53,0.37296
868.84,0.38293
869.16,0.36843
869.47,0.38818
869.79,0.37757
870.1,0.38978
870.41,0.37363
870.73,0.38167
871.04,0.37904
871.36,0.38086
871.67,0.37665
871.99,0.36771
872.3,0.37482
872.62,0.37753
872.93,0.37817
873.24,0.38184
873.56,0.38901
873.87,0.37917
874.19,0.39024
874.5,0.37254
874.81,0.3847
875.13,0.38672
875.44,0.38423
875.75,0.38501
876.07,0.39092
876.38,0.38423
876.7,0.38226
877.01,0.39156
877.32,0.38504
877.64,0.38153
877.95,0.38182
878.26,0.3814
878.58,0.38246
878.89,0.38195
879.2,0.38396
879.51,0.39142
879.83,0.37858
880.14,0.39489
880.45,0.39253
880.77,0.38507
881.08,0.38149
881.39,0.37453
881.7,0.39623
882.02,0.37864
882.33,0.38603
882.64,0.38153
882.96,0.38548
883.27,0.39409
883.58,0.3818
883.89,0.38897
884.2,0.39368
884.52,0.38238
884.83,0.3746
885.14,0.39748
885.45,0.39156
885.77,0.38943
886.08,0.38318
886.39,0.39353
886.7,0.37519
887.01,0.3854
887.32,0.39373
887.64,0.39444
887.95,0.38161
888.26,0.38237
888.57,0.37605
888.88,0.38512
889.19,0.39641
889.51,0.39641
889.82,0.38945
890.13,0.3793
890.44,0.37599
890.75,0.38849
891.06,0.39094
891.37,0.39485
891.68,0.39098
891.99,0.40035
892.31,0.40261
892.62,0.3903
892.93,0.39596
893.24,0.39348
893.55,0.39391
893.86,0.39897
894.17,0.39698
894.48,0.38822
894.79,0.39546
895.1,0.39602
895.41,0.39794
895.72,0.39649
896.03,0.40036
896.34,0.40806
896.65,0.39577
896.96,0.39687
897.27,0.40232
897.58,0.4004
897.89,0.38905
898.2,0.40181
898.51,0.39582
898.82,0.40077
899.13,0.40945
899.44,0.40438
899.75,0.4096
900.06,0.40017
900.37,0.39932
900.68,0.3991
900.99,0.39352
901.3,0.39287
901.61,0.39766
901.92,0.39975
902.23,0.39132
902.53,0.40349
902.84,0.40219
903.15,0.4006
903.46,0.40984
903.77,0.41211
904.08,0.40607
904.39,0.40626
904.7,0.40512
905.01,0.40206
905.31,0.41846
905.62,0.40447
905.93,0.41005
906.24,0.39584
906.55,0.39812
906.86,0.41422
907.17,0.40733
907.47,0.39487
907.78,0.40201
908.09,0.40463
908.4,0.40799
908.71,0.40566
909.01,0.40458
909.32,0.40829
909.63,0.4015
909.94,0.40383
910.25,0.41278
910.55,0.39786
910.86,0.40991
911.17,0.40488
911.48,0.40923
911.78,0.40646
912.09,0.42132
912.4,0.41244
912.71,0.42726
913.01,0.414
913.32,0.42596
913.63,0.41482
913.94,0.41369
914.24,0.41545
914.55,0.41793
914.86,0.42094
915.16,0.40789
915.47,0.41287
915.78,0.4152
916.08,0.40469
916.39,0.40732
916.7,0.40664
917,0.42998
917.31,0.41776
917.62,0.41504
917.92,0.41947
918.23,0.41941
918.54,0.41173
918.84,0.40628
919.15,0.4083
919.45,0.41772
919.76,0.41921
920.07,0.41879
920.37,0.42725
920.68,0.41513
920.99,0.42959
921.29,0.41257
921.6,0.42654
921.9,0.42979
922.21,0.41665
922.51,0.42423
922.82,0.41876
923.12,0.4171
923.43,0.4292
923.74,0.41355
924.04,0.42791
924.35,0.43952
924.65,0.43948
924.96,0.43042
925.26,0.43567
925.57,0.42279
925.87,0.42415
926.18,0.42809
926.48,0.42463
926.79,0.43154
927.09,0.43003
927.4,0.43832
927.7,0.43914
928.01,0.43503
928.31,0.43498
928.62,0.44258
928.92,0.43822
929.22,0.42778
929.53,0.43323
929.83,0.43501
930.14,0.42783
930.44,0.44368
930.75,0.42804
931.05,0.44127
931.35,0.45166
931.66,0.44631
931.96,0.44238
932.27,0.44828
932.57,0.43802
932.87,0.44673
933.18,0.44298
933.48,0.45927
933.78,0.43223
934.09,0.43077
934.39,0.44387
934.7,0.44375
935,0.46356
935.3,0.45292
935.61,0.44757
935.91,0.45708
936.21,0.46234
936.51,0.46363
936.82,0.47735
937.12,0.46563
937.42,0.48277
937.73,0.45196
938.03,0.47155
938.33,0.472
938.64,0.4812
938.94,0.48003
939.24,0.47388
939.54,0.47325
939.85,0.49173
940.15,0.4938
940.45,0.49024
940.75,0.49774
941.06,0.48603
941.36,0.47874
941.66,0.49809
941.96,0.49609
942.26,0.49804
942.57,0.51548
942.87,0.48484
943.17,0.50366
943.47,0.51246
943.77,0.51997
944.08,0.5046
944.38,0.48865
944.68,0.4856
944.98,0.50041
945.28,0.47033
945.58,0.50221
945.89,0.49276
946.19,0.51471
946.49,0.51589
946.79,0.48911
947.09,0.50255
947.39,0.4918
947.69,0.49225
947.99,0.4803
948.29,0.49338
948.6,0.49008
948.9,0.48682
949.2,0.50468
949.5,0.47897
949.8,0.5017
950.1,0.47962
950.4,0.4939
950.7,0.50093
951,0.51078
951.3,0.4953
951.6,0.47562
951.9,0.47501
952.2,0.48458
952.5,0.51076
952.8,0.4904
953.1,0.48828
953.4,0.49624
953.7,0.4787
954,0.47191
954.3,0.48898
954.6,0.48468
954.9,0.49602
955.2,0.5072
955.5,0.49107
955.8,0.50158
956.1,0.48239
956.4,0.49175
956.7,0.47381
957,0.48845
957.3,0.49012
957.6,0.48138
957.9,0.49929
958.2,0.48443
958.5,0.48118
958.79,0.49599
959.09,0.50174
959.39,0.4873
959.69,0.48891
959.99,0.48673
960.29,0.48494
960.59,0.47716
960.89,0.46363
961.19,0.47325
961.48,0.5042
961.78,0.49005
962.08,0.48971
962.38,0.49558
962.68,0.47846
962.98,0.50106
963.27,0.48633
963.57,0.49466
963.87,0.49583
964.17,0.47426
964.47,0.47646
964.76,0.48969
965.06,0.48131
965.36,0.49927
965.66,0.50287
965.96,0.48655
966.25,0.48499
966.55,0.49075
966.85,0.50935
967.15,0.50129
967.44,0.47577
967.74,0.48139
968.04,0.49591
968.34,0.50543
968.63,0.51381
968.93,0.49488
969.23,0.48817
969.52,0.49096
969.82,0.47707
970.12,0.5011
970.42,0.49177
970.71,0.50489
971.01,0.50171
971.31,0.47044
971.6,0.49405
971.9,0.50415
972.2,0.50318
972.49,0.49071
972.79,0.48917
973.08,0.47701
973.38,0.51164
973.68,0.48409
973.97,0.51332
974.27,0.50135
974.57,0.5041
974.86,0.47605
975.16,0.49941
975.45,0.50444
975.75,0.48724
976.05,0.49728
976.34,0.4972
976.64,0.50081
976.93,0.50266
977.23,0.50081
977.52,0.5211
977.82,0.52196
978.11,0.51552
978.41,0.51486
978.71,0.52157
979,0.51691
979.3,0.51181
979.59,0.53
979.89,0.51132
980.18,0.516
980.48,0.53579
980.77,0.50653
981.07,0.50022
981.36,0.51637
981.66,0.51356
981.95,0.52622
982.25,0.50926
982.54,0.52703
982.83,0.51975
983.13,0.55422
983.42,0.51247
983.72,0.50854
984.01,0.51985
984.31,0.52919
984.6,0.54002
984.89,0.53295
985.19,0.55751
985.48,0.55915
985.78,0.53393
986.07,0.51289
986.36,0.5372
986.66,0.53387
986.95,0.53553
987.25,0.53858
987.54,0.55389
987.83,0.5295
988.13,0.53501
988.42,0.51358
988.71,0.5466
989.01,0.52089
989.3,0.54154
989.59,0.53758
989.89,0.54329
990.18,0.53088
990.47,0.56287
990.77,0.53521
991.06,0.54762
991.35,0.54503
991.64,0.52778
991.94,0.55124
992.23,0.55519
992.52,0.5663
992.81,0.5466
993.11,0.55146
993.4,0.56324
993.69,0.54435
993.98,0.54653
994.28,0.56527
994.57,0.55741
994.86,0.57086
995.15,0.54391
995.45,0.55204
995.74,0.5781
996.03,0.56029
996.32,0.57541
996.61,0.56312
996.91,0.57907
997.2,0.55729
997.49,0.58101
997.78,0.58685
998.07,0.58191
998.36,0.54843
998.66,0.60376
998.95,0.54833
999.24,0.58098
999.53,0.58888
999.82,0.57606
1000.11,0.5758
1000.4,0.58751
1000.69,0.59144
1000.98,0.5718
1001.28,0.60122
1001.57,0.59204
1001.86,0.58104
1002.15,0.60028
1002.44,0.59625
1002.73,0.57992
1003.02,0.6
1003.31,0.60582
1003.6,0.61538
1003.89,0.60287
1004.18,0.60313
1004.47,0.59162
1004.76,0.59884
1005.05,0.59216
1005.34,0.59141
1005.63,0.60427
1005.92,0.61225
1006.21,0.63016
1006.5,0.56735
1006.79,0.60119
1007.08,0.60308
1007.37,0.61487
1007.66,0.59744
1007.95,0.60725
1008.24,0.6155
1008.53,0.61916
1008.82,0.60166
1009.11,0.59891
1009.4,0.62215
1009.69,0.60016
1009.98,0.6326
1010.27,0.66172
1010.56,0.65
1010.85,0.64309
1011.13,0.62756
1011.42,0.63891
1011.71,0.6104
1012,0.6478
1012.29,0.64316
1012.58,0.62891
1012.87,0.63582
1013.16,0.62842
1013.44,0.68321
1013.73,0.63496
1014.02,0.61277
1014.31,0.64175
1014.6,0.65911
1014.89,0.67968
1015.17,0.63006
1015.46,0.65552
1015.75,0.66514
1016.04,0.6517
1016.33,0.63299
1016.61,0.67769
1016.9,0.64771
1017.19,0.68337
1017.48,0.65849
1017.77,0.63889
1018.05,0.69574
1018.34,0.66
1018.63,0.66002
1018.92,0.70219
1019.2,0.68458
1019.49,0.666
1019.78,0.65631
1020.07,0.65451
1020.35,0.671
1020.64,0.6849
1020.93,0.71761
1021.21,0.68889
1021.5,0.72425
1021.79,0.70894
1022.07,0.68394
1022.36,0.71413
1022.65,0.72283
1022.93,0.75226
1023.22,0.70779
1023.51,0.67641
1023.79,0.72078
1024.08,0.70064
1024.37,0.69053
1024.65,0.71177
1024.94,0.7573
1025.23,0.72186
1025.51,0.68231
1025.8,0.70608
1026.08,0.70654
1026.37,0.70022
1026.66,0.71853
1026.94,0.72321
1027.23,0.76279
1027.51,0.65998
1027.8,0.79277
1028.08,0.72118
1028.37,0.7488
1028.66,0.71243
1028.94,0.77941
1029.23,0.72385
1029.51,0.73824
1029.8,0.753
