wavelength_nm,frequency_thz,theta_air_raw_deg,theta_prism_deg,r0_reflectance_fraction,power_norm_std,prepump_rows,delay_min_ps,delay_max_ps
1150.0,260.68909391304345,35.0,38.35222290717139,0.009814097430183926,0.001324945589266391,11.0,-0.6,-0.4
1150.0,260.68909391304345,36.0,39.01375857111241,0.008231528043597232,0.0009388824419013041,11.0,-0.6,-0.4
1150.0,260.68909391304345,37.0,39.67632225857683,0.006957634482206584,0.0010494636319097058,11.0,-0.6,-0.4
1150.0,260.68909391304345,38.0,40.33979739859669,0.0063641072577518614,0.0015456109573615436,11.0,-0.6,-0.4
1150.0,260.68909391304345,39.0,41.00406824975061,0.0037881635694918298,0.001756713272346839,11.0,-0.6,-0.4
1150.0,260.68909391304345,40.0,41.66901979554734,0.0033301334422230875,0.0018940403281148942,11.0,-0.6,-0.4
1150.0,260.68909391304345,41.0,42.33453764016517,0.003983146885441455,0.0011299405609531232,11.0,-0.6,-0.4
1150.0,260.68909391304345,42.0,43.000507904505824,0.0068196670965046755,0.0013198473167630677,11.0,-0.6,-0.4
1150.0,260.68909391304345,43.0,43.66681712251742,0.02201774607217466,0.0021374584886341198,11.0,-0.6,-0.4
1150.0,260.68909391304345,44.0,44.33335213773696,0.09208759501933823,0.0016443954288906726,11.0,-0.6,-0.4
1150.0,260.68909391304345,45.0,45.0,0.11472159029228303,0.001707892717818286,11.0,-0.6,-0.4
1150.0,260.68909391304345,46.0,45.66664786226304,0.13757558131479816,0.0015511760919602448,11.0,-0.6,-0.4
1150.0,260.68909391304345,47.0,46.33318287748258,0.15550330457168304,0.001387728498559693,11.0,-0.6,-0.4
1150.0,260.68909391304345,48.0,46.999492095494176,0.17698918074140887,0.0017008835393855905,11.0,-0.6,-0.4
1150.0,260.68909391304345,49.0,47.66546235983483,0.18884770687194272,0.0027345704526343597,11.0,-0.6,-0.4
1150.0,260.68909391304345,50.0,48.33098020445266,0.20690008636968724,0.0019187488861885757,11.0,-0.6,-0.4
1150.0,260.68909391304345,51.0,48.99593175024939,0.21666974030627772,0.002605096160917696,11.0,-0.6,-0.4
1150.0,260.68909391304345,52.0,49.66020260140331,0.23219059186090954,0.0022148049818283243,11.0,-0.6,-0.4
1150.0,260.68909391304345,53.0,50.32367774142317,0.24716847066939843,0.002822973226983512,11.0,-0.6,-0.4
1150.0,260.68909391304345,54.0,50.98624142888759,0.25569479164404163,0.0025420106746126595,11.0,-0.6,-0.4
1150.0,260.68909391304345,55.0,51.64777709282861,0.2643633204042945,0.0032337656193201863,11.0,-0.6,-0.4
1150.0,260.68909391304345,56.0,52.30816722772388,0.27634560440660977,0.0034939163448092746,11.0,-0.6,-0.4
1150.0,260.68909391304345,57.0,52.96729328806785,0.287049035045385,0.0025963785979114824,11.0,-0.6,-0.4
1150.0,260.68909391304345,58.0,53.62503558250019,0.2928476541225139,0.002604722018760437,11.0,-0.6,-0.4
1150.0,260.68909391304345,59.0,54.28127316747721,0.29881985962635593,0.0035543427092819485,11.0,-0.6,-0.4
1150.0,260.68909391304345,60.0,54.93588374048224,0.2931063594336658,0.0024858880111878175,11.0,-0.6,-0.4
1160.0,258.441774137931,35.0,38.35222290717139,0.011918863814495962,0.0016112214593857704,11.0,-0.6,-0.4
1160.0,258.441774137931,36.0,39.01375857111241,0.011282177035270709,0.0020396535842866844,11.0,-0.6,-0.4
1160.0,258.441774137931,37.0,39.67632225857683,0.010486473141352965,0.00153100684145227,11.0,-0.6,-0.4
1160.0,258.441774137931,38.0,40.33979739859669,0.008205098892214815,0.0015306779569541759,11.0,-0.6,-0.4
1160.0,258.441774137931,39.0,41.00406824975061,0.005305805199989194,0.0017417995432266592,11.0,-0.6,-0.4
1160.0,258.441774137931,40.0,41.66901979554734,0.004087080716500559,0.002004061491921745,11.0,-0.6,-0.4
1160.0,258.441774137931,41.0,42.33453764016517,0.004120332442102115,0.00121495285047789,11.0,-0.6,-0.4
1160.0,258.441774137931,42.0,43.000507904505824,0.004494835897320877,0.001658294841093906,11.0,-0.6,-0.4
1160.0,258.441774137931,43.0,43.66681712251742,0.014960533434660271,0.0011668021825870897,11.0,-0.6,-0.4
1160.0,258.441774137931,44.0,44.33335213773696,0.06763022468321787,0.0013000781228512948,11.0,-0.6,-0.4
1160.0,258.441774137931,45.0,45.0,0.09184542939017093,0.002003470409762142,11.0,-0.6,-0.4
1160.0,258.441774137931,46.0,45.66664786226304,0.10853360265610999,0.0016696084620934576,11.0,-0.6,-0.4
1160.0,258.441774137931,47.0,46.33318287748258,0.12891441618481544,0.001776112314806081,11.0,-0.6,-0.4
1160.0,258.441774137931,48.0,46.999492095494176,0.14540438024353078,0.0011481375181793198,11.0,-0.6,-0.4
1160.0,258.441774137931,49.0,47.66546235983483,0.1604102057373977,0.001780496618412558,11.0,-0.6,-0.4
1160.0,258.441774137931,50.0,48.33098020445266,0.17647703744543697,0.0017480943438476198,11.0,-0.6,-0.4
1160.0,258.441774137931,51.0,48.99593175024939,0.19034687401667522,0.001837647770735481,11.0,-0.6,-0.4
1160.0,258.441774137931,52.0,49.66020260140331,0.20404004566905398,0.001703034673851204,11.0,-0.6,-0.4
1160.0,258.441774137931,53.0,50.32367774142317,0.21882686697035345,0.0018313258815002096,11.0,-0.6,-0.4
1160.0,258.441774137931,54.0,50.98624142888759,0.226069520523963,0.001829915970157458,11.0,-0.6,-0.4
1160.0,258.441774137931,55.0,51.64777709282861,0.23775818758331643,0.00257610805671964,11.0,-0.6,-0.4
1160.0,258.441774137931,56.0,52.30816722772388,0.24729603096107963,0.001783157710390675,11.0,-0.6,-0.4
1160.0,258.441774137931,57.0,52.96729328806785,0.25796400978277967,0.0024385808298455947,11.0,-0.6,-0.4
1160.0,258.441774137931,58.0,53.62503558250019,0.26694831003131514,0.002201889809141144,11.0,-0.6,-0.4
1160.0,258.441774137931,59.0,54.28127316747721,0.2727555593117608,0.0018910936805861108,11.0,-0.6,-0.4
1160.0,258.441774137931,60.0,54.93588374048224,0.27262095421680027,0.0022417796421485784,11.0,-0.6,-0.4
1170.0,256.2328700854701,35.0,38.35222290717139,0.016026725397696947,0.001047020088444821,11.0,-0.6,-0.4
1170.0,256.2328700854701,36.0,39.01375857111241,0.014138625107171893,0.000876734869471846,11.0,-0.6,-0.4
1170.0,256.2328700854701,37.0,39.67632225857683,0.013342110524412304,0.0010182794411307701,11.0,-0.6,-0.4
1170.0,256.2328700854701,38.0,40.33979739859669,0.010470581844371562,0.0018279368292333032,11.0,-0.6,-0.4
1170.0,256.2328700854701,39.0,41.00406824975061,0.008391425340770314,0.0011680811434608698,11.0,-0.6,-0.4
1170.0,256.2328700854701,40.0,41.66901979554734,0.007303684284163874,0.0009884500529231271,11.0,-0.6,-0.4
1170.0,256.2328700854701,41.0,42.33453764016517,0.005149922402396686,0.0019700805871047,11.0,-0.6,-0.4
1170.0,256.2328700854701,42.0,43.000507904505824,0.004558773130439736,0.0012175641374803962,11.0,-0.6,-0.4
1170.0,256.2328700854701,43.0,43.66681712251742,0.011206058815143164,0.0009847602472891914,11.0,-0.6,-0.4
1170.0,256.2328700854701,44.0,44.33335213773696,0.04941332829946363,0.0014848988590935026,11.0,-0.6,-0.4
1170.0,256.2328700854701,45.0,45.0,0.0713237062830515,0.0019463398740569501,11.0,-0.6,-0.4
1170.0,256.2328700854701,46.0,45.66664786226304,0.08694004563330077,0.0015638926357701892,11.0,-0.6,-0.4
1170.0,256.2328700854701,47.0,46.33318287748258,0.10600086364469981,0.0017936718292569974,11.0,-0.6,-0.4
1170.0,256.2328700854701,48.0,46.999492095494176,0.12249384704888007,0.0011619092775642735,11.0,-0.6,-0.4
1170.0,256.2328700854701,49.0,47.66546235983483,0.13484798453942806,0.0026391377737694627,11.0,-0.6,-0.4
1170.0,256.2328700854701,50.0,48.33098020445266,0.1527321631423013,0.002166705555214638,11.0,-0.6,-0.4
1170.0,256.2328700854701,51.0,48.99593175024939,0.16698392001603835,0.0009748831642337722,11.0,-0.6,-0.4
1170.0,256.2328700854701,52.0,49.66020260140331,0.18314624955125647,0.0018980201721907574,11.0,-0.6,-0.4
1170.0,256.2328700854701,53.0,50.32367774142317,0.19526234088833022,0.002258180625405319,11.0,-0.6,-0.4
1170.0,256.2328700854701,54.0,50.98624142888759,0.20322919904320394,0.0022796073652395924,11.0,-0.6,-0.4
1170.0,256.2328700854701,55.0,51.64777709282861,0.2171555625842455,0.0014451499281652217,11.0,-0.6,-0.4
1170.0,256.2328700854701,56.0,52.30816722772388,0.22616330803235585,0.0013039499873515044,11.0,-0.6,-0.4
1170.0,256.2328700854701,57.0,52.96729328806785,0.24170477473193488,0.003394623109092154,11.0,-0.6,-0.4
1170.0,256.2328700854701,58.0,53.62503558250019,0.2451961838514098,0.0016574459064456187,11.0,-0.6,-0.4
1170.0,256.2328700854701,59.0,54.28127316747721,0.2509764825818385,0.0017563635113596807,11.0,-0.6,-0.4
1170.0,256.2328700854701,60.0,54.93588374048224,0.2509955143864936,0.0019937244627965247,11.0,-0.6,-0.4
1180.0,254.06140508474573,35.0,38.35222290717139,0.019568213133174393,0.0011474815535370004,11.0,-0.6,-0.4
1180.0,254.06140508474573,36.0,39.01375857111241,0.017690203936994553,0.0012498157324066482,11.0,-0.6,-0.4
1180.0,254.06140508474573,37.0,39.67632225857683,0.016669322758614245,0.0013484426142498828,11.0,-0.6,-0.4
1180.0,254.06140508474573,38.0,40.33979739859669,0.014558820091889975,0.001358800068289231,11.0,-0.6,-0.4
1180.0,254.06140508474573,39.0,41.00406824975061,0.012490028919139513,0.0015955287298702627,11.0,-0.6,-0.4
1180.0,254.06140508474573,40.0,41.66901979554734,0.01091423993573301,0.0007804493435270442,11.0,-0.6,-0.4
1180.0,254.06140508474573,41.0,42.33453764016517,0.007354594733227332,0.001221492072987588,11.0,-0.6,-0.4
1180.0,254.06140508474573,42.0,43.000507904505824,0.005632573619007552,0.0012404666273202129,11.0,-0.6,-0.4
1180.0,254.06140508474573,43.0,43.66681712251742,0.008175624744052323,0.0013942887047838494,11.0,-0.6,-0.4
1180.0,254.06140508474573,44.0,44.33335213773696,0.033975964476154676,0.0014163836136817226,11.0,-0.6,-0.4
1180.0,254.06140508474573,45.0,45.0,0.050000771648673364,0.0010799046762409094,11.0,-0.6,-0.4
1180.0,254.06140508474573,46.0,45.66664786226304,0.06641549668200014,0.0013155596164157082,11.0,-0.6,-0.4
1180.0,254.06140508474573,47.0,46.33318287748258,0.08399684407823961,0.0013477045341531173,11.0,-0.6,-0.4
1180.0,254.06140508474573,48.0,46.999492095494176,0.10062269528823566,0.0011665869853605831,11.0,-0.6,-0.4
1180.0,254.06140508474573,49.0,47.66546235983483,0.11408165277404794,0.0018390722282625475,11.0,-0.6,-0.4
1180.0,254.06140508474573,50.0,48.33098020445266,0.1287343528324005,0.001001327762919124,11.0,-0.6,-0.4
1180.0,254.06140508474573,51.0,48.99593175024939,0.14287150947917257,0.001573691929901156,11.0,-0.6,-0.4
1180.0,254.06140508474573,52.0,49.66020260140331,0.1571135301975525,0.0022445095453433326,11.0,-0.6,-0.4
1180.0,254.06140508474573,53.0,50.32367774142317,0.16966228139357611,0.0010288637020293156,11.0,-0.6,-0.4
1180.0,254.06140508474573,54.0,50.98624142888759,0.1793416848884837,0.001330822805946895,11.0,-0.6,-0.4
1180.0,254.06140508474573,55.0,51.64777709282861,0.19100312678784084,0.0018960058933056244,11.0,-0.6,-0.4
1180.0,254.06140508474573,56.0,52.30816722772388,0.20336504983901246,0.0019688747698758985,11.0,-0.6,-0.4
1180.0,254.06140508474573,57.0,52.96729328806785,0.21908708479137895,0.002132420693928638,11.0,-0.6,-0.4
1180.0,254.06140508474573,58.0,53.62503558250019,0.22211122196796207,0.0024210877830031317,11.0,-0.6,-0.4
1180.0,254.06140508474573,59.0,54.28127316747721,0.2309960266986679,0.0013800346616279113,11.0,-0.6,-0.4
1180.0,254.06140508474573,60.0,54.93588374048224,0.2326370075614004,0.0016687676629446953,11.0,-0.6,-0.4
1190.0,251.92643529411762,35.0,38.35222290717139,0.023883489697273472,0.0008661000058186505,11.0,-0.6,-0.4
1190.0,251.92643529411762,36.0,39.01375857111241,0.02191091981064692,0.0007810031585370567,11.0,-0.6,-0.4
1190.0,251.92643529411762,37.0,39.67632225857683,0.02023774692557839,0.001207281754788483,11.0,-0.6,-0.4
1190.0,251.92643529411762,38.0,40.33979739859669,0.01878498301300484,0.0013738948986442678,11.0,-0.6,-0.4
1190.0,251.92643529411762,39.0,41.00406824975061,0.015913920631736814,0.0012103651228274875,11.0,-0.6,-0.4
1190.0,251.92643529411762,40.0,41.66901979554734,0.014256089657677077,0.0011409291768306516,11.0,-0.6,-0.4
1190.0,251.92643529411762,41.0,42.33453764016517,0.011044445609398976,0.0008329883304479851,11.0,-0.6,-0.4
1190.0,251.92643529411762,42.0,43.000507904505824,0.008469060600376034,0.0007229548976921599,11.0,-0.6,-0.4
1190.0,251.92643529411762,43.0,43.66681712251742,0.008750219881436212,0.0008223738978663065,11.0,-0.6,-0.4
1190.0,251.92643529411762,44.0,44.33335213773696,0.023957015002940226,0.001266590637033111,11.0,-0.6,-0.4
1190.0,251.92643529411762,45.0,45.0,0.03556447913735235,0.001273386871105321,11.0,-0.6,-0.4
1190.0,251.92643529411762,46.0,45.66664786226304,0.04848807491742447,0.0009318930948387896,11.0,-0.6,-0.4
1190.0,251.92643529411762,47.0,46.33318287748258,0.06439299275281994,0.0008458359628508102,11.0,-0.6,-0.4
1190.0,251.92643529411762,48.0,46.999492095494176,0.07845522714250497,0.0012928540663846525,11.0,-0.6,-0.4
1190.0,251.92643529411762,49.0,47.66546235983483,0.09283790062512208,0.0012584242662462613,11.0,-0.6,-0.4
1190.0,251.92643529411762,50.0,48.33098020445266,0.10750434181978973,0.0010690271700696512,11.0,-0.6,-0.4
1190.0,251.92643529411762,51.0,48.99593175024939,0.12064800656868296,0.0017799110427042723,11.0,-0.6,-0.4
1190.0,251.92643529411762,52.0,49.66020260140331,0.13683555868759975,0.0016248027963202153,11.0,-0.6,-0.4
1190.0,251.92643529411762,53.0,50.32367774142317,0.1466398581580361,0.002945286088498889,11.0,-0.6,-0.4
1190.0,251.92643529411762,54.0,50.98624142888759,0.15663462167883788,0.0016401592889845244,11.0,-0.6,-0.4
1190.0,251.92643529411762,55.0,51.64777709282861,0.168800072883928,0.0012670995658117265,11.0,-0.6,-0.4
1190.0,251.92643529411762,56.0,52.30816722772388,0.1781779096856365,0.0013497247357703458,11.0,-0.6,-0.4
1190.0,251.92643529411762,57.0,52.96729328806785,0.18943671362904108,0.001438366833986255,11.0,-0.6,-0.4
1190.0,251.92643529411762,58.0,53.62503558250019,0.19716593604469249,0.0013161229188397862,11.0,-0.6,-0.4
1190.0,251.92643529411762,59.0,54.28127316747721,0.2080004940349875,0.0019827100631660635,11.0,-0.6,-0.4
1190.0,251.92643529411762,60.0,54.93588374048224,0.20563635551582715,0.0017441764189139353,11.0,-0.6,-0.4
1200.0,249.82704833333332,35.0,38.35222290717139,0.028768788442086694,0.0012058098605652748,11.0,-0.6,-0.4
1200.0,249.82704833333332,36.0,39.01375857111241,0.027427779641767815,0.0008061163219546751,11.0,-0.6,-0.4
1200.0,249.82704833333332,37.0,39.67632225857683,0.025866592300989543,0.0008131223683685118,11.0,-0.6,-0.4
1200.0,249.82704833333332,38.0,40.33979739859669,0.02452812686316912,0.0009789216464706544,11.0,-0.6,-0.4
1200.0,249.82704833333332,39.0,41.00406824975061,0.021275135160335714,0.0009595558634294327,11.0,-0.6,-0.4
1200.0,249.82704833333332,40.0,41.66901979554734,0.019595017370804487,0.0014601025778579967,11.0,-0.6,-0.4
1200.0,249.82704833333332,41.0,42.33453764016517,0.01642071943413584,0.0010684665561887714,11.0,-0.6,-0.4
1200.0,249.82704833333332,42.0,43.000507904505824,0.012655684479777026,0.0005295333949996482,11.0,-0.6,-0.4
1200.0,249.82704833333332,43.0,43.66681712251742,0.013294684908320455,0.000854536862482452,11.0,-0.6,-0.4
1200.0,249.82704833333332,44.0,44.33335213773696,0.01774595895521516,0.0009527477767926587,11.0,-0.6,-0.4
1200.0,249.82704833333332,45.0,45.0,0.022630027529527162,0.001202465346821891,11.0,-0.6,-0.4
1200.0,249.82704833333332,46.0,45.66664786226304,0.03315791800227493,0.0012411396789917056,11.0,-0.6,-0.4
1200.0,249.82704833333332,47.0,46.33318287748258,0.04491081467932609,0.0009183105376070499,11.0,-0.6,-0.4
1200.0,249.82704833333332,48.0,46.999492095494176,0.05893005321110514,0.000942280482311752,11.0,-0.6,-0.4
1200.0,249.82704833333332,49.0,47.66546235983483,0.0706899256853268,0.0007235551078186287,11.0,-0.6,-0.4
1200.0,249.82704833333332,50.0,48.33098020445266,0.08411532614484718,0.001202599675535863,11.0,-0.6,-0.4
1200.0,249.82704833333332,51.0,48.99593175024939,0.09723456088510893,0.001127103375436133,11.0,-0.6,-0.4
1200.0,249.82704833333332,52.0,49.66020260140331,0.10902889431994561,0.0019249383391317578,11.0,-0.6,-0.4
1200.0,249.82704833333332,53.0,50.32367774142317,0.12318689368439563,0.001367641000266624,11.0,-0.6,-0.4
1200.0,249.82704833333332,54.0,50.98624142888759,0.13194265809429778,0.001429038643801985,11.0,-0.6,-0.4
1200.0,249.82704833333332,55.0,51.64777709282861,0.14264332593867135,0.001325945547823914,11.0,-0.6,-0.4
1200.0,249.82704833333332,56.0,52.30816722772388,0.1543935797943109,0.0007958384705998196,11.0,-0.6,-0.4
1200.0,249.82704833333332,57.0,52.96729328806785,0.16666616680620006,0.0014604410351741028,11.0,-0.6,-0.4
1200.0,249.82704833333332,58.0,53.62503558250019,0.1732627918895194,0.0011409020131074707,11.0,-0.6,-0.4
1200.0,249.82704833333332,59.0,54.28127316747721,0.18289550711395564,0.0011611891242417625,11.0,-0.6,-0.4
1200.0,249.82704833333332,60.0,54.93588374048224,0.18452607094088716,0.00138736009725375,11.0,-0.6,-0.4
1210.0,247.76236198347107,35.0,38.35222290717139,0.03375390954611559,0.0011707727580707588,11.0,-0.6,-0.4
1210.0,247.76236198347107,36.0,39.01375857111241,0.032962754616001615,0.0009834319709932002,11.0,-0.6,-0.4
1210.0,247.76236198347107,37.0,39.67632225857683,0.03205867770976081,0.0014850307113608598,11.0,-0.6,-0.4
1210.0,247.76236198347107,38.0,40.33979739859669,0.02946976447155005,0.0006578614857926799,11.0,-0.6,-0.4
1210.0,247.76236198347107,39.0,41.00406824975061,0.02832695316191395,0.0010855778629551682,11.0,-0.6,-0.4
1210.0,247.76236198347107,40.0,41.66901979554734,0.02528111507524045,0.0011373570373070967,11.0,-0.6,-0.4
1210.0,247.76236198347107,41.0,42.33453764016517,0.022177752263834453,0.000839431513096233,11.0,-0.6,-0.4
1210.0,247.76236198347107,42.0,43.000507904505824,0.01974103088118392,0.0010605568939521027,11.0,-0.6,-0.4
1210.0,247.76236198347107,43.0,43.66681712251742,0.019165658744572697,0.0009920879447389318,11.0,-0.6,-0.4
1210.0,247.76236198347107,44.0,44.33335213773696,0.01443496825125074,0.001399556416444488,11.0,-0.6,-0.4
1210.0,247.76236198347107,45.0,45.0,0.014642476627243873,0.0010997587885088673,11.0,-0.6,-0.4
1210.0,247.76236198347107,46.0,45.66664786226304,0.020949469783438174,0.001248654393129775,11.0,-0.6,-0.4
1210.0,247.76236198347107,47.0,46.33318287748258,0.030221423780969477,0.0011620377139836193,11.0,-0.6,-0.4
1210.0,247.76236198347107,48.0,46.999492095494176,0.04111366919548229,0.0009487668929695069,11.0,-0.6,-0.4
1210.0,247.76236198347107,49.0,47.66546235983483,0.05240117503718078,0.0014114287971940995,11.0,-0.6,-0.4
1210.0,247.76236198347107,50.0,48.33098020445266,0.0638407490589007,0.0010307581162940361,11.0,-0.6,-0.4
1210.0,247.76236198347107,51.0,48.99593175024939,0.07550528157620008,0.0011172854460065748,11.0,-0.6,-0.4
1210.0,247.76236198347107,52.0,49.66020260140331,0.08812825935720794,0.000774387285217621,11.0,-0.6,-0.4
1210.0,247.76236198347107,53.0,50.32367774142317,0.09925316150567288,0.0009524755503685375,11.0,-0.6,-0.4
1210.0,247.76236198347107,54.0,50.98624142888759,0.10928517011943431,0.000743015778693316,11.0,-0.6,-0.4
1210.0,247.76236198347107,55.0,51.64777709282861,0.12058502217224225,0.0014078102119894013,11.0,-0.6,-0.4
1210.0,247.76236198347107,56.0,52.30816722772388,0.13021779211102996,0.0010371874896689217,11.0,-0.6,-0.4
1210.0,247.76236198347107,57.0,52.96729328806785,0.14160445801982136,0.0019176902419529612,11.0,-0.6,-0.4
1210.0,247.76236198347107,58.0,53.62503558250019,0.15075403153879707,0.0011588415292502318,11.0,-0.6,-0.4
1210.0,247.76236198347107,59.0,54.28127316747721,0.1571696662291907,0.001855922898234209,11.0,-0.6,-0.4
1210.0,247.76236198347107,60.0,54.93588374048224,0.1599655297506348,0.0012809414672456335,11.0,-0.6,-0.4
1220.0,245.73152295081962,35.0,38.35222290717139,0.03936162945656955,0.0009475179497180398,11.0,-0.6,-0.4
1220.0,245.73152295081962,36.0,39.01375857111241,0.03845678529123586,0.0007715801721264128,11.0,-0.6,-0.4
1220.0,245.73152295081962,37.0,39.67632225857683,0.0380418438436486,0.0015819250058088895,11.0,-0.6,-0.4
1220.0,245.73152295081962,38.0,40.33979739859669,0.03641177398781055,0.001037338644571375,11.0,-0.6,-0.4
1220.0,245.73152295081962,39.0,41.00406824975061,0.03445536315095846,0.0009243982563381147,11.0,-0.6,-0.4
1220.0,245.73152295081962,40.0,41.66901979554734,0.03317535679343677,0.0011747134426927262,11.0,-0.6,-0.4
1220.0,245.73152295081962,41.0,42.33453764016517,0.030585600804327876,0.0008767377728111799,11.0,-0.6,-0.4
1220.0,245.73152295081962,42.0,43.000507904505824,0.028832837787677326,0.0009643955939963876,11.0,-0.6,-0.4
1220.0,245.73152295081962,43.0,43.66681712251742,0.02792900221893927,0.0011182349785625481,11.0,-0.6,-0.4
1220.0,245.73152295081962,44.0,44.33335213773696,0.01768428803632094,0.0012122361298761081,11.0,-0.6,-0.4
1220.0,245.73152295081962,45.0,45.0,0.010580780652188789,0.001340506200514121,11.0,-0.6,-0.4
1220.0,245.73152295081962,46.0,45.66664786226304,0.012503685784100181,0.001032596111835257,11.0,-0.6,-0.4
1220.0,245.73152295081962,47.0,46.33318287748258,0.019433140828112726,0.0008041203571028929,11.0,-0.6,-0.4
1220.0,245.73152295081962,48.0,46.999492095494176,0.027552839934366215,0.0010994027009051655,11.0,-0.6,-0.4
1220.0,245.73152295081962,49.0,47.66546235983483,0.03620988457139054,0.0011966757160299494,11.0,-0.6,-0.4
1220.0,245.73152295081962,50.0,48.33098020445266,0.04599486862972473,0.0012107518106319237,11.0,-0.6,-0.4
1220.0,245.73152295081962,51.0,48.99593175024939,0.05741626278212098,0.0007386031718991642,11.0,-0.6,-0.4
1220.0,245.73152295081962,52.0,49.66020260140331,0.06683769816642733,0.0015837154737651685,11.0,-0.6,-0.4
1220.0,245.73152295081962,53.0,50.32367774142317,0.07818612036440904,0.0008853889394084048,11.0,-0.6,-0.4
1220.0,245.73152295081962,54.0,50.98624142888759,0.08915488209403163,0.0009068958350917321,11.0,-0.6,-0.4
1220.0,245.73152295081962,55.0,51.64777709282861,0.09734292421287996,0.0017151867647140387,11.0,-0.6,-0.4
1220.0,245.73152295081962,56.0,52.30816722772388,0.10778162374082025,0.0013248619183349535,11.0,-0.6,-0.4
1220.0,245.73152295081962,57.0,52.96729328806785,0.11748094990123638,0.001335061726283178,11.0,-0.6,-0.4
1220.0,245.73152295081962,58.0,53.62503558250019,0.12783710837465,0.0011693876552884232,11.0,-0.6,-0.4
1220.0,245.73152295081962,59.0,54.28127316747721,0.13632132268450164,0.0011302904556443095,11.0,-0.6,-0.4
1220.0,245.73152295081962,60.0,54.93588374048224,0.13802895664464473,0.0009625019104512319,11.0,-0.6,-0.4
1230.0,243.7337056910569,35.0,38.35222290717139,0.044951313182915925,0.0009615414037340535,11.0,-0.6,-0.4
1230.0,243.7337056910569,36.0,39.01375857111241,0.04414647930370398,0.00156051107892654,11.0,-0.6,-0.4
1230.0,243.7337056910569,37.0,39.67632225857683,0.044190014886282845,0.0007738423019664581,11.0,-0.6,-0.4
1230.0,243.7337056910569,38.0,40.33979739859669,0.04309388408880992,0.001140723074360578,11.0,-0.6,-0.4
1230.0,243.7337056910569,39.0,41.00406824975061,0.041627554536770583,0.0011757763701846218,11.0,-0.6,-0.4
1230.0,243.7337056910569,40.0,41.66901979554734,0.04104801612943167,0.0015935368903829464,11.0,-0.6,-0.4
1230.0,243.7337056910569,41.0,42.33453764016517,0.039861219914961284,0.000495811185265256,11.0,-0.6,-0.4
1230.0,243.7337056910569,42.0,43.000507904505824,0.03877979922520791,0.0013372688085553815,11.0,-0.6,-0.4
1230.0,243.7337056910569,43.0,43.66681712251742,0.04036959300569747,0.0011883714223291301,11.0,-0.6,-0.4
1230.0,243.7337056910569,44.0,44.33335213773696,0.024976958859270273,0.0011120974524810845,11.0,-0.6,-0.4
1230.0,243.7337056910569,45.0,45.0,0.011337900070314261,0.0007242447734026948,11.0,-0.6,-0.4
1230.0,243.7337056910569,46.0,45.66664786226304,0.008245784289635717,0.0007172058334611246,11.0,-0.6,-0.4
1230.0,243.7337056910569,47.0,46.33318287748258,0.011522162837037704,0.0017331896717411638,11.0,-0.6,-0.4
1230.0,243.7337056910569,48.0,46.999492095494176,0.017056681763306256,0.0006995687154108573,11.0,-0.6,-0.4
1230.0,243.7337056910569,49.0,47.66546235983483,0.023097361593715247,0.0010252359287665058,11.0,-0.6,-0.4
1230.0,243.7337056910569,50.0,48.33098020445266,0.03128067598962044,0.0011254272805833023,11.0,-0.6,-0.4
1230.0,243.7337056910569,51.0,48.99593175024939,0.04035919192376754,0.001152789954620626,11.0,-0.6,-0.4
1230.0,243.7337056910569,52.0,49.66020260140331,0.048599402470240666,0.0006895135936464066,11.0,-0.6,-0.4
1230.0,243.7337056910569,53.0,50.32367774142317,0.05950633827113705,0.001109063607526041,11.0,-0.6,-0.4
1230.0,243.7337056910569,54.0,50.98624142888759,0.06820722382458173,0.0010849569909645237,11.0,-0.6,-0.4
1230.0,243.7337056910569,55.0,51.64777709282861,0.07667586849008526,0.0010049849610864357,11.0,-0.6,-0.4
1230.0,243.7337056910569,56.0,52.30816722772388,0.08492329450803386,0.0015863649989403723,11.0,-0.6,-0.4
1230.0,243.7337056910569,57.0,52.96729328806785,0.09529447969119643,0.0008925586020671091,11.0,-0.6,-0.4
1230.0,243.7337056910569,58.0,53.62503558250019,0.10437680150761813,0.001938223525185667,11.0,-0.6,-0.4
1230.0,243.7337056910569,59.0,54.28127316747721,0.11202115578041617,0.0012833025600290763,11.0,-0.6,-0.4
1230.0,243.7337056910569,60.0,54.93588374048224,0.11626581834881446,0.0014204431726179449,11.0,-0.6,-0.4
1240.0,241.7681112903226,35.0,38.35222290717139,0.05060481689005671,0.0013133179159155717,11.0,-0.6,-0.4
1240.0,241.7681112903226,36.0,39.01375857111241,0.05024152416044844,0.0006637262892421481,11.0,-0.6,-0.4
1240.0,241.7681112903226,37.0,39.67632225857683,0.05083388474617016,0.0008588615389221774,11.0,-0.6,-0.4
1240.0,241.7681112903226,38.0,40.33979739859669,0.05019654714392234,0.0011283673457086719,11.0,-0.6,-0.4
1240.0,241.7681112903226,39.0,41.00406824975061,0.05069831325986452,0.0012943788001320048,11.0,-0.6,-0.4
1240.0,241.7681112903226,40.0,41.66901979554734,0.04909383258534365,0.001030965272940206,11.0,-0.6,-0.4
1240.0,241.7681112903226,41.0,42.33453764016517,0.049118313965821184,0.000867900351478296,11.0,-0.6,-0.4
1240.0,241.7681112903226,42.0,43.000507904505824,0.05010312219949497,0.0010735493433569145,11.0,-0.6,-0.4
1240.0,241.7681112903226,43.0,43.66681712251742,0.05450558496277192,0.0010940558466018874,11.0,-0.6,-0.4
1240.0,241.7681112903226,44.0,44.33335213773696,0.03762826699437844,0.0008394798949321169,11.0,-0.6,-0.4
1240.0,241.7681112903226,45.0,45.0,0.01748446693376913,0.0008384767833941292,11.0,-0.6,-0.4
1240.0,241.7681112903226,46.0,45.66664786226304,0.010191325660888059,0.000982220326903345,11.0,-0.6,-0.4
1240.0,241.7681112903226,47.0,46.33318287748258,0.008884357514902196,0.0010664266483588433,11.0,-0.6,-0.4
1240.0,241.7681112903226,48.0,46.999492095494176,0.010701584609932127,0.0009364982184338046,11.0,-0.6,-0.4
1240.0,241.7681112903226,49.0,47.66546235983483,0.014547313127843133,0.0010383571503859844,11.0,-0.6,-0.4
1240.0,241.7681112903226,50.0,48.33098020445266,0.02088058089103934,0.0012618370534332641,11.0,-0.6,-0.4
1240.0,241.7681112903226,51.0,48.99593175024939,0.027257241151602718,0.0008780325342810406,11.0,-0.6,-0.4
1240.0,241.7681112903226,52.0,49.66020260140331,0.03439323712105265,0.0008999607712879716,11.0,-0.6,-0.4
1240.0,241.7681112903226,53.0,50.32367774142317,0.04229755224675545,0.0009516426847492829,11.0,-0.6,-0.4
1240.0,241.7681112903226,54.0,50.98624142888759,0.05035907530445964,0.0014921379722487686,11.0,-0.6,-0.4
1240.0,241.7681112903226,55.0,51.64777709282861,0.05871120152776177,0.001553754597093843,11.0,-0.6,-0.4
1240.0,241.7681112903226,56.0,52.30816722772388,0.06702998658122078,0.0010382955836481722,11.0,-0.6,-0.4
1240.0,241.7681112903226,57.0,52.96729328806785,0.07471520079412407,0.0014453046694332728,11.0,-0.6,-0.4
1240.0,241.7681112903226,58.0,53.62503558250019,0.0841542347586083,0.0010743954020393021,11.0,-0.6,-0.4
1240.0,241.7681112903226,59.0,54.28127316747721,0.09138118009016392,0.0009746258328878376,11.0,-0.6,-0.4
1240.0,241.7681112903226,60.0,54.93588374048224,0.09666840874180718,0.0008780075049845416,11.0,-0.6,-0.4
1250.0,239.83396639999998,35.0,38.35222290717139,0.055359410268118886,0.0009844129233059775,11.0,-0.6,-0.4
1250.0,239.83396639999998,36.0,39.01375857111241,0.05580791140516215,0.0007153600197723342,11.0,-0.6,-0.4
1250.0,239.83396639999998,37.0,39.67632225857683,0.056173984973619924,0.0012672605323332785,11.0,-0.6,-0.4
1250.0,239.83396639999998,38.0,40.33979739859669,0.05704921569927168,0.0009533167963025517,11.0,-0.6,-0.4
1250.0,239.83396639999998,39.0,41.00406824975061,0.058159511368411305,0.0009050363327339237,11.0,-0.6,-0.4
1250.0,239.83396639999998,40.0,41.66901979554734,0.05740068554493325,0.0008185353123630455,11.0,-0.6,-0.4
1250.0,239.83396639999998,41.0,42.33453764016517,0.05900543919889105,0.0009282707632606159,11.0,-0.6,-0.4
1250.0,239.83396639999998,42.0,43.000507904505824,0.06223323679955577,0.0010429374848816607,11.0,-0.6,-0.4
1250.0,239.83396639999998,43.0,43.66681712251742,0.07019912714855843,0.0008115830716550154,11.0,-0.6,-0.4
1250.0,239.83396639999998,44.0,44.33335213773696,0.05384021262826904,0.0011264162171019008,11.0,-0.6,-0.4
1250.0,239.83396639999998,45.0,45.0,0.027988070127872508,0.0007089240140256733,11.0,-0.6,-0.4
1250.0,239.83396639999998,46.0,45.66664786226304,0.014596203924596669,0.0010136585084581757,11.0,-0.6,-0.4
1250.0,239.83396639999998,47.0,46.33318287748258,0.010134634417631369,0.0008207006705736266,11.0,-0.6,-0.4
1250.0,239.83396639999998,48.0,46.999492095494176,0.008907180932341488,0.0008263882326099325,11.0,-0.6,-0.4
1250.0,239.83396639999998,49.0,47.66546235983483,0.00985072492654502,0.000796643296928138,11.0,-0.6,-0.4
1250.0,239.83396639999998,50.0,48.33098020445266,0.013019362576012711,0.0006645928513527981,11.0,-0.6,-0.4
1250.0,239.83396639999998,51.0,48.99593175024939,0.01721241135582688,0.0009851302390731331,11.0,-0.6,-0.4
1250.0,239.83396639999998,52.0,49.66020260140331,0.023321921079227627,0.0008595810975923598,11.0,-0.6,-0.4
1250.0,239.83396639999998,53.0,50.32367774142317,0.02978111479982781,0.000982794001453866,11.0,-0.6,-0.4
1250.0,239.83396639999998,54.0,50.98624142888759,0.0362391278082655,0.0009018082085598952,11.0,-0.6,-0.4
1250.0,239.83396639999998,55.0,51.64777709282861,0.04399447259348508,0.0009828125866426206,11.0,-0.6,-0.4
1250.0,239.83396639999998,56.0,52.30816722772388,0.05121648309917966,0.0014052411378420422,11.0,-0.6,-0.4
1250.0,239.83396639999998,57.0,52.96729328806785,0.0582706686510299,0.0010897907825398695,11.0,-0.6,-0.4
1250.0,239.83396639999998,58.0,53.62503558250019,0.06663499164354132,0.0011578962398848586,11.0,-0.6,-0.4
1250.0,239.83396639999998,59.0,54.28127316747721,0.07334474130557801,0.0009194673013594361,11.0,-0.6,-0.4
1250.0,239.83396639999998,60.0,54.93588374048224,0.07747732300332971,0.0013533696152995122,11.0,-0.6,-0.4
1260.0,237.9305222222222,35.0,38.35222290717139,0.06001463826153424,0.0011601999984379313,11.0,-0.6,-0.4
1260.0,237.9305222222222,36.0,39.01375857111241,0.061439940043087816,0.0007751094148016982,11.0,-0.6,-0.4
1260.0,237.9305222222222,37.0,39.67632225857683,0.061924128958429206,0.001295141542996392,11.0,-0.6,-0.4
1260.0,237.9305222222222,38.0,40.33979739859669,0.06447559091738443,0.0010129578955524517,11.0,-0.6,-0.4
1260.0,237.9305222222222,39.0,41.00406824975061,0.0654000112155984,0.0007548505124144423,11.0,-0.6,-0.4
1260.0,237.9305222222222,40.0,41.66901979554734,0.06724645090535025,0.0007970653160465094,11.0,-0.6,-0.4
1260.0,237.9305222222222,41.0,42.33453764016517,0.06895987936240572,0.0007871718707858252,11.0,-0.6,-0.4
1260.0,237.9305222222222,42.0,43.000507904505824,0.07402523811140155,0.0005569470905957484,11.0,-0.6,-0.4
1260.0,237.9305222222222,43.0,43.66681712251742,0.08532588059378968,0.0008839327354048035,11.0,-0.6,-0.4
1260.0,237.9305222222222,44.0,44.33335213773696,0.07304385147972393,0.0016672348388034426,11.0,-0.6,-0.4
1260.0,237.9305222222222,45.0,45.0,0.04107721508247524,0.000900135988580662,11.0,-0.6,-0.4
1260.0,237.9305222222222,46.0,45.66664786226304,0.024535268510546163,0.0008371570278874118,11.0,-0.6,-0.4
1260.0,237.9305222222222,47.0,46.33318287748258,0.015590387488456127,0.0008223464477135431,11.0,-0.6,-0.4
1260.0,237.9305222222222,48.0,46.999492095494176,0.01094960963377545,0.0011100966303485896,11.0,-0.6,-0.4
1260.0,237.9305222222222,49.0,47.66546235983483,0.009373853240893572,0.0013480653630824693,11.0,-0.6,-0.4
1260.0,237.9305222222222,50.0,48.33098020445266,0.010905068289640439,0.0008980218022648183,11.0,-0.6,-0.4
1260.0,237.9305222222222,51.0,48.99593175024939,0.012766128877058936,0.0007965790438252256,11.0,-0.6,-0.4
1260.0,237.9305222222222,52.0,49.66020260140331,0.016655708405428352,0.0007242877501620617,11.0,-0.6,-0.4
1260.0,237.9305222222222,53.0,50.32367774142317,0.021044759478510144,0.0011155785284185382,11.0,-0.6,-0.4
1260.0,237.9305222222222,54.0,50.98624142888759,0.026037824470639195,0.0009615737631818736,11.0,-0.6,-0.4
1260.0,237.9305222222222,55.0,51.64777709282861,0.031191083889397505,0.0008712738317624738,11.0,-0.6,-0.4
1260.0,237.9305222222222,56.0,52.30816722772388,0.03814520202814089,0.0009426386616958667,11.0,-0.6,-0.4
1260.0,237.9305222222222,57.0,52.96729328806785,0.044405818731437924,0.0006435203835373613,11.0,-0.6,-0.4
1260.0,237.9305222222222,58.0,53.62503558250019,0.051716486436239946,0.0010197887264510842,11.0,-0.6,-0.4
1260.0,237.9305222222222,59.0,54.28127316747721,0.05757445251209215,0.0006901670583444673,11.0,-0.6,-0.4
1260.0,237.9305222222222,60.0,54.93588374048224,0.0637570995863775,0.0014751538790436312,11.0,-0.6,-0.4
1270.0,236.05705354330706,35.0,38.35222290717139,0.06529212634400944,0.0008971491122169957,11.0,-0.6,-0.4
1270.0,236.05705354330706,36.0,39.01375857111241,0.06700505646165172,0.0010794229679948696,11.0,-0.6,-0.4
1270.0,236.05705354330706,37.0,39.67632225857683,0.06780902873043176,0.0010799976998688923,11.0,-0.6,-0.4
1270.0,236.05705354330706,38.0,40.33979739859669,0.0708058269071161,0.0009086438057005877,11.0,-0.6,-0.4
1270.0,236.05705354330706,39.0,41.00406824975061,0.07338359468338516,0.0009832164013981238,11.0,-0.6,-0.4
1270.0,236.05705354330706,40.0,41.66901979554734,0.07538393809745562,0.00072470949155532,11.0,-0.6,-0.4
1270.0,236.05705354330706,41.0,42.33453764016517,0.07936963363495224,0.001294562401118491,11.0,-0.6,-0.4
1270.0,236.05705354330706,42.0,43.000507904505824,0.08705178154212279,0.0011019351120243105,11.0,-0.6,-0.4
1270.0,236.05705354330706,43.0,43.66681712251742,0.10375942193718793,0.0007462941589170203,11.0,-0.6,-0.4
1270.0,236.05705354330706,44.0,44.33335213773696,0.09584775359228147,0.001090194958999207,11.0,-0.6,-0.4
1270.0,236.05705354330706,45.0,45.0,0.05836063277268859,0.000742549464228792,11.0,-0.6,-0.4
1270.0,236.05705354330706,46.0,45.66664786226304,0.03754242222676964,0.0006783790822090653,11.0,-0.6,-0.4
1270.0,236.05705354330706,47.0,46.33318287748258,0.025086047132360935,0.0010744320811290349,11.0,-0.6,-0.4
1270.0,236.05705354330706,48.0,46.999492095494176,0.017626004087221876,0.0012391717725104107,11.0,-0.6,-0.4
1270.0,236.05705354330706,49.0,47.66546235983483,0.012840227686533005,0.0005710058891018146,11.0,-0.6,-0.4
1270.0,236.05705354330706,50.0,48.33098020445266,0.011765262425732097,0.0004576503842798091,11.0,-0.6,-0.4
1270.0,236.05705354330706,51.0,48.99593175024939,0.011632045943332937,0.0010565444694605297,11.0,-0.6,-0.4
1270.0,236.05705354330706,52.0,49.66020260140331,0.01340028462178342,0.0009922496602225938,11.0,-0.6,-0.4
1270.0,236.05705354330706,53.0,50.32367774142317,0.01549706487542646,0.0008771136219871317,11.0,-0.6,-0.4
1270.0,236.05705354330706,54.0,50.98624142888759,0.019348847363194793,0.000973328777977072,11.0,-0.6,-0.4
1270.0,236.05705354330706,55.0,51.64777709282861,0.024013390644891327,0.0009371060298491033,11.0,-0.6,-0.4
1270.0,236.05705354330706,56.0,52.30816722772388,0.02852503822088009,0.0010110451083370912,11.0,-0.6,-0.4
1270.0,236.05705354330706,57.0,52.96729328806785,0.033880245331815245,0.0009408626590673549,11.0,-0.6,-0.4
1270.0,236.05705354330706,58.0,53.62503558250019,0.04027931047676134,0.0010688253204486182,11.0,-0.6,-0.4
1270.0,236.05705354330706,59.0,54.28127316747721,0.04500954314790117,0.0008678458248465169,11.0,-0.6,-0.4
1270.0,236.05705354330706,60.0,54.93588374048224,0.05070295728891706,0.0005540888421935653,11.0,-0.6,-0.4
1280.0,234.2128578125,35.0,38.35222290717139,0.06918610995748732,0.0009813838664063255,11.0,-0.6,-0.4
1280.0,234.2128578125,36.0,39.01375857111241,0.06978526024374493,0.0018965923923727566,11.0,-0.6,-0.4
1280.0,234.2128578125,37.0,39.67632225857683,0.07360544494594944,0.0007326384192968491,11.0,-0.6,-0.4
1280.0,234.2128578125,38.0,40.33979739859669,0.07665912200286171,0.0009543049968575339,11.0,-0.6,-0.4
1280.0,234.2128578125,39.0,41.00406824975061,0.08003137006757388,0.00087905761506027,11.0,-0.6,-0.4
1280.0,234.2128578125,40.0,41.66901979554734,0.08334826353980475,0.0010528253941569851,11.0,-0.6,-0.4
1280.0,234.2128578125,41.0,42.33453764016517,0.08962893349180241,0.0013036196933130183,11.0,-0.6,-0.4
1280.0,234.2128578125,42.0,43.000507904505824,0.09952207326243916,0.00081473811250733,11.0,-0.6,-0.4
1280.0,234.2128578125,43.0,43.66681712251742,0.12204852847095067,0.0013401374045411418,11.0,-0.6,-0.4
1280.0,234.2128578125,44.0,44.33335213773696,0.12239107949291719,0.0010432778385968766,11.0,-0.6,-0.4
1280.0,234.2128578125,45.0,45.0,0.07846246400766266,0.0009464292098720353,11.0,-0.6,-0.4
1280.0,234.2128578125,46.0,45.66664786226304,0.054173735152382996,0.0008572512735227929,11.0,-0.6,-0.4
1280.0,234.2128578125,47.0,46.33318287748258,0.03956175078373155,0.0010589522877982658,11.0,-0.6,-0.4
1280.0,234.2128578125,48.0,46.999492095494176,0.02832243583768683,0.0010477595013512495,11.0,-0.6,-0.4
1280.0,234.2128578125,49.0,47.66546235983483,0.02135320589620118,0.0009591002585608481,11.0,-0.6,-0.4
1280.0,234.2128578125,50.0,48.33098020445266,0.016937160900320714,0.0006669483247579089,11.0,-0.6,-0.4
1280.0,234.2128578125,51.0,48.99593175024939,0.014497648448525264,0.0007203268336278208,11.0,-0.6,-0.4
1280.0,234.2128578125,52.0,49.66020260140331,0.01450511450610139,0.0005492582955927639,11.0,-0.6,-0.4
1280.0,234.2128578125,53.0,50.32367774142317,0.015458080456427402,0.000749668381087479,11.0,-0.6,-0.4
1280.0,234.2128578125,54.0,50.98624142888759,0.01764583594869579,0.0007693778760476665,11.0,-0.6,-0.4
1280.0,234.2128578125,55.0,51.64777709282861,0.02029862504188318,0.0010401015916818217,11.0,-0.6,-0.4
1280.0,234.2128578125,56.0,52.30816722772388,0.024407565406993514,0.0008257285258758483,11.0,-0.6,-0.4
1280.0,234.2128578125,57.0,52.96729328806785,0.028655471505810107,0.0008317940618500748,11.0,-0.6,-0.4
1280.0,234.2128578125,58.0,53.62503558250019,0.032788012228497865,0.0007449800826896301,11.0,-0.6,-0.4
1280.0,234.2128578125,59.0,54.28127316747721,0.03790791948641667,0.001037179684174971,11.0,-0.6,-0.4
1280.0,234.2128578125,60.0,54.93588374048224,0.04143490406292862,0.000952210159520409,11.0,-0.6,-0.4
1290.0,232.39725426356588,35.0,38.35222290717139,0.07298381214098,0.0011637739324478263,11.0,-0.6,-0.4
1290.0,232.39725426356588,36.0,39.01375857111241,0.07548850862451562,0.0010027612245370606,11.0,-0.6,-0.4
1290.0,232.39725426356588,37.0,39.67632225857683,0.07785398462226362,0.0012434567244359888,11.0,-0.6,-0.4
1290.0,232.39725426356588,38.0,40.33979739859669,0.0821536150530211,0.0006755570454847019,11.0,-0.6,-0.4
1290.0,232.39725426356588,39.0,41.00406824975061,0.08519366843289378,0.0008485794414606691,11.0,-0.6,-0.4
1290.0,232.39725426356588,40.0,41.66901979554734,0.09140562206614108,0.0007779845726562199,11.0,-0.6,-0.4
1290.0,232.39725426356588,41.0,42.33453764016517,0.09775805164835673,0.001020273879590009,11.0,-0.6,-0.4
1290.0,232.39725426356588,42.0,43.000507904505824,0.11059947557961439,0.0007482762794252266,11.0,-0.6,-0.4
1290.0,232.39725426356588,43.0,43.66681712251742,0.14045707427096768,0.0010389283870117566,11.0,-0.6,-0.4
1290.0,232.39725426356588,44.0,44.33335213773696,0.14892867102478338,0.000972374232010166,11.0,-0.6,-0.4
1290.0,232.39725426356588,45.0,45.0,0.10098896578038957,0.0009515667290740472,11.0,-0.6,-0.4
1290.0,232.39725426356588,46.0,45.66664786226304,0.07246995752018139,0.0006435548811830448,11.0,-0.6,-0.4
1290.0,232.39725426356588,47.0,46.33318287748258,0.05599989095611377,0.0009473909192394149,11.0,-0.6,-0.4
1290.0,232.39725426356588,48.0,46.999492095494176,0.03987825225239184,0.0006595279234221904,11.0,-0.6,-0.4
1290.0,232.39725426356588,49.0,47.66546235983483,0.031361870174028916,0.0006324442425236772,11.0,-0.6,-0.4
1290.0,232.39725426356588,50.0,48.33098020445266,0.0247287998091627,0.0006514049098717452,11.0,-0.6,-0.4
1290.0,232.39725426356588,51.0,48.99593175024939,0.020970584016876712,0.0023315842344844933,11.0,-0.6,-0.4
1290.0,232.39725426356588,52.0,49.66020260140331,0.018282030208226118,0.0011444492902503106,11.0,-0.6,-0.4
1290.0,232.39725426356588,53.0,50.32367774142317,0.018604764156026965,0.0006913878680553466,11.0,-0.6,-0.4
1290.0,232.39725426356588,54.0,50.98624142888759,0.02000012426359293,0.0006133860602170848,11.0,-0.6,-0.4
1290.0,232.39725426356588,55.0,51.64777709282861,0.02074505606877748,0.004427077411068633,11.0,-0.6,-0.4
1290.0,232.39725426356588,56.0,52.30816722772388,0.023810788073753007,0.0007523421242255919,11.0,-0.6,-0.4
1290.0,232.39725426356588,57.0,52.96729328806785,0.026555293081876062,0.0006723707648652874,11.0,-0.6,-0.4
1290.0,232.39725426356588,58.0,53.62503558250019,0.030562146873702765,0.0009056971201029197,11.0,-0.6,-0.4
1290.0,232.39725426356588,59.0,54.28127316747721,0.03405723529717174,0.0009611186339363855,11.0,-0.6,-0.4
1290.0,232.39725426356588,60.0,54.93588374048224,0.03840931232433787,0.0010326638056894623,11.0,-0.6,-0.4
1300.0,230.60958307692306,35.0,38.35222290717139,0.07594686643510067,0.0010136931066118775,11.0,-0.6,-0.4
1300.0,230.60958307692306,36.0,39.01375857111241,0.07906518547089801,0.0011422544247480825,11.0,-0.6,-0.4
1300.0,230.60958307692306,37.0,39.67632225857683,0.08241173396641634,0.0007958049701353018,11.0,-0.6,-0.4
1300.0,230.60958307692306,38.0,40.33979739859669,0.08623891181264384,0.0008918090228597639,11.0,-0.6,-0.4
1300.0,230.60958307692306,39.0,41.00406824975061,0.09120470970406491,0.0007732940374558808,11.0,-0.6,-0.4
1300.0,230.60958307692306,40.0,41.66901979554734,0.09750831514382784,0.00138806431292018,11.0,-0.6,-0.4
1300.0,230.60958307692306,41.0,42.33453764016517,0.10534711232024713,0.00222542417700435,11.0,-0.6,-0.4
1300.0,230.60958307692306,42.0,43.000507904505824,0.1214452190916825,0.0010077144565604618,11.0,-0.6,-0.4
1300.0,230.60958307692306,43.0,43.66681712251742,0.1537611122256147,0.001579380922312129,11.0,-0.6,-0.4
1300.0,230.60958307692306,44.0,44.33335213773696,0.17169252803670243,0.0009065853244603272,11.0,-0.6,-0.4
1300.0,230.60958307692306,45.0,45.0,0.12142794297965985,0.0007598871089651004,11.0,-0.6,-0.4
1300.0,230.60958307692306,46.0,45.66664786226304,0.09150762143186214,0.0008905472630894595,11.0,-0.6,-0.4
1300.0,230.60958307692306,47.0,46.33318287748258,0.07077805832653462,0.001002415308824165,11.0,-0.6,-0.4
1300.0,230.60958307692306,48.0,46.999492095494176,0.05554397701127043,0.0009480383019404885,11.0,-0.6,-0.4
1300.0,230.60958307692306,49.0,47.66546235983483,0.04275849957110579,0.0006655884253919798,11.0,-0.6,-0.4
1300.0,230.60958307692306,50.0,48.33098020445266,0.03487072692902362,0.0006648328720267845,11.0,-0.6,-0.4
1300.0,230.60958307692306,51.0,48.99593175024939,0.030320537609562274,0.0008260086771327835,11.0,-0.6,-0.4
1300.0,230.60958307692306,52.0,49.66020260140331,0.026423972633697664,0.0008562621871410852,11.0,-0.6,-0.4
1300.0,230.60958307692306,53.0,50.32367774142317,0.024638426928462666,0.000718153788983934,11.0,-0.6,-0.4
1300.0,230.60958307692306,54.0,50.98624142888759,0.024361626722728267,0.0008231652158542703,11.0,-0.6,-0.4
1300.0,230.60958307692306,55.0,51.64777709282861,0.025068205215435155,0.000997241405401703,11.0,-0.6,-0.4
1300.0,230.60958307692306,56.0,52.30816722772388,0.027495765640721627,0.0011735733909017945,11.0,-0.6,-0.4
1300.0,230.60958307692306,57.0,52.96729328806785,0.02889651443965424,0.0007179049630076404,11.0,-0.6,-0.4
1300.0,230.60958307692306,58.0,53.62503558250019,0.03194064363617547,0.0008562553242597467,11.0,-0.6,-0.4
1300.0,230.60958307692306,59.0,54.28127316747721,0.03563620528000673,0.000454812523460467,11.0,-0.6,-0.4
1300.0,230.60958307692306,60.0,54.93588374048224,0.03845492711445963,0.0007910803920094768,11.0,-0.6,-0.4
1310.0,228.84920458015264,35.0,38.35222290717139,0.079570490506667,0.0009228085018827892,11.0,-0.6,-0.4
1310.0,228.84920458015264,36.0,39.01375857111241,0.08203278962954007,0.0014295227019698366,11.0,-0.6,-0.4
1310.0,228.84920458015264,37.0,39.67632225857683,0.0867967235954001,0.0006502679417985168,11.0,-0.6,-0.4
1310.0,228.84920458015264,38.0,40.33979739859669,0.08997196065202431,0.0009340611214216947,11.0,-0.6,-0.4
1310.0,228.84920458015264,39.0,41.00406824975061,0.0968899061579712,0.0009370255182072958,11.0,-0.6,-0.4
1310.0,228.84920458015264,40.0,41.66901979554734,0.10393570961560679,0.0008692725846868914,11.0,-0.6,-0.4
1310.0,228.84920458015264,41.0,42.33453764016517,0.1138114388264134,0.0010788804817865336,11.0,-0.6,-0.4
1310.0,228.84920458015264,42.0,43.000507904505824,0.1301741865030381,0.0013904623431017715,11.0,-0.6,-0.4
1310.0,228.84920458015264,43.0,43.66681712251742,0.16824599138195323,0.0011200027029449329,11.0,-0.6,-0.4
1310.0,228.84920458015264,44.0,44.33335213773696,0.19641486982125442,0.003007697769506709,11.0,-0.6,-0.4
1310.0,228.84920458015264,45.0,45.0,0.14264372927922933,0.0007848721288706825,11.0,-0.6,-0.4
1310.0,228.84920458015264,46.0,45.66664786226304,0.11083987436451383,0.0009117808277458952,11.0,-0.6,-0.4
1310.0,228.84920458015264,47.0,46.33318287748258,0.08978797910572096,0.0011753817683766185,11.0,-0.6,-0.4
1310.0,228.84920458015264,48.0,46.999492095494176,0.070606438251158,0.0010839118565368437,11.0,-0.6,-0.4
1310.0,228.84920458015264,49.0,47.66546235983483,0.057526402797758114,0.0006770073071136273,11.0,-0.6,-0.4
1310.0,228.84920458015264,50.0,48.33098020445266,0.04823681250117791,0.0008327333291904448,11.0,-0.6,-0.4
1310.0,228.84920458015264,51.0,48.99593175024939,0.04068174954286827,0.001199234153503541,11.0,-0.6,-0.4
1310.0,228.84920458015264,52.0,49.66020260140331,0.035544131020054145,0.0005763298684676693,11.0,-0.6,-0.4
1310.0,228.84920458015264,53.0,50.32367774142317,0.033612250503514136,0.0005425490279019928,11.0,-0.6,-0.4
1310.0,228.84920458015264,54.0,50.98624142888759,0.03229018170890236,0.000657424802969107,11.0,-0.6,-0.4
1310.0,228.84920458015264,55.0,51.64777709282861,0.031003342899372597,0.0010679963192759124,11.0,-0.6,-0.4
1310.0,228.84920458015264,56.0,52.30816722772388,0.0324851171275577,0.0006773292293129449,11.0,-0.6,-0.4
1310.0,228.84920458015264,57.0,52.96729328806785,0.033171237808581173,0.0008430309061809543,11.0,-0.6,-0.4
1310.0,228.84920458015264,58.0,53.62503558250019,0.03643152220675186,0.0006466130227410461,11.0,-0.6,-0.4
1310.0,228.84920458015264,59.0,54.28127316747721,0.039796475340242395,0.0008790084951287319,11.0,-0.6,-0.4
1310.0,228.84920458015264,60.0,54.93588374048224,0.04194749484188732,0.0007654273835426101,11.0,-0.6,-0.4
1320.0,227.11549848484847,35.0,38.35222290717139,0.08028201400342178,0.0014448512757423806,11.0,-0.6,-0.4
1320.0,227.11549848484847,36.0,39.01375857111241,0.08531159048775323,0.0012529077150468023,11.0,-0.6,-0.4
1320.0,227.11549848484847,37.0,39.67632225857683,0.08909972156116315,0.001216140480723154,11.0,-0.6,-0.4
1320.0,227.11549848484847,38.0,40.33979739859669,0.09442947783654096,0.0012437900344354645,11.0,-0.6,-0.4
1320.0,227.11549848484847,39.0,41.00406824975061,0.10082214808571063,0.0011206905699427815,11.0,-0.6,-0.4
1320.0,227.11549848484847,40.0,41.66901979554734,0.10910730585603362,0.000848005635677547,11.0,-0.6,-0.4
1320.0,227.11549848484847,41.0,42.33453764016517,0.12031560704985508,0.0005038647387160345,11.0,-0.6,-0.4
1320.0,227.11549848484847,42.0,43.000507904505824,0.13950648426787196,0.0008478883895498887,11.0,-0.6,-0.4
1320.0,227.11549848484847,43.0,43.66681712251742,0.18262577540296326,0.0012758593839771926,11.0,-0.6,-0.4
1320.0,227.11549848484847,44.0,44.33335213773696,0.22130659663718763,0.0013840916113197518,11.0,-0.6,-0.4
1320.0,227.11549848484847,45.0,45.0,0.1669828325740308,0.0012796525187937936,11.0,-0.6,-0.4
1320.0,227.11549848484847,46.0,45.66664786226304,0.13320330024885577,0.000983216629865866,11.0,-0.6,-0.4
1320.0,227.11549848484847,47.0,46.33318287748258,0.10719728125870803,0.0007419052897539477,11.0,-0.6,-0.4
1320.0,227.11549848484847,48.0,46.999492095494176,0.0887153230616074,0.0018742631293654276,11.0,-0.6,-0.4
1320.0,227.11549848484847,49.0,47.66546235983483,0.074283415974535,0.0013387639200648743,11.0,-0.6,-0.4
1320.0,227.11549848484847,50.0,48.33098020445266,0.06326462464632815,0.0008654577620275647,11.0,-0.6,-0.4
1320.0,227.11549848484847,51.0,48.99593175024939,0.05484103846677876,0.0008256328676972757,11.0,-0.6,-0.4
1320.0,227.11549848484847,52.0,49.66020260140331,0.04935062660449949,0.0010590447587656687,11.0,-0.6,-0.4
1320.0,227.11549848484847,53.0,50.32367774142317,0.044289924740093356,0.0007931444407335367,11.0,-0.6,-0.4
1320.0,227.11549848484847,54.0,50.98624142888759,0.04221756540139263,0.0012019541153096285,11.0,-0.6,-0.4
1320.0,227.11549848484847,55.0,51.64777709282861,0.041942235403153276,0.0008974557669539656,11.0,-0.6,-0.4
1320.0,227.11549848484847,56.0,52.30816722772388,0.0410078454516723,0.0008466950388072664,11.0,-0.6,-0.4
1320.0,227.11549848484847,57.0,52.96729328806785,0.043622159976135604,0.0014476208214501067,11.0,-0.6,-0.4
1320.0,227.11549848484847,58.0,53.62503558250019,0.04449163842599315,0.0009595007616542438,11.0,-0.6,-0.4
1320.0,227.11549848484847,59.0,54.28127316747721,0.04640701090822008,0.0010630383713018355,11.0,-0.6,-0.4
1320.0,227.11549848484847,60.0,54.93588374048224,0.047718844651315845,0.0008938960845370456,11.0,-0.6,-0.4
1330.0,225.40786315789472,35.0,38.35222290717139,0.08372333151270185,0.001128167673208064,11.0,-0.6,-0.4
1330.0,225.40786315789472,36.0,39.01375857111241,0.08672762978625724,0.0010560868415985362,11.0,-0.6,-0.4
1330.0,225.40786315789472,37.0,39.67632225857683,0.09243767624681935,0.0008775371814141868,11.0,-0.6,-0.4
1330.0,225.40786315789472,38.0,40.33979739859669,0.09762984901307417,0.0009057143561588782,11.0,-0.6,-0.4
1330.0,225.40786315789472,39.0,41.00406824975061,0.10512437280309679,0.0012826246008530045,11.0,-0.6,-0.4
1330.0,225.40786315789472,40.0,41.66901979554734,0.11430905830891733,0.0010159799539763746,11.0,-0.6,-0.4
1330.0,225.40786315789472,41.0,42.33453764016517,0.12701578265911373,0.0011203137803414537,11.0,-0.6,-0.4
1330.0,225.40786315789472,42.0,43.000507904505824,0.14919642748677922,0.0007852881156116318,11.0,-0.6,-0.4
1330.0,225.40786315789472,43.0,43.66681712251742,0.1975489812525246,0.0013124001349258318,11.0,-0.6,-0.4
1330.0,225.40786315789472,44.0,44.33335213773696,0.2505798559855468,0.0024883033492837433,11.0,-0.6,-0.4
1330.0,225.40786315789472,45.0,45.0,0.19336136470189483,0.0009835251265157832,11.0,-0.6,-0.4
1330.0,225.40786315789472,46.0,45.66664786226304,0.15659778711126515,0.0012200279543479837,11.0,-0.6,-0.4
1330.0,225.40786315789472,47.0,46.33318287748258,0.13216822523982552,0.0007661904490987192,11.0,-0.6,-0.4
1330.0,225.40786315789472,48.0,46.999492095494176,0.11238827170898974,0.0022441418489444155,11.0,-0.6,-0.4
1330.0,225.40786315789472,49.0,47.66546235983483,0.0951857455239176,0.0007072283757788009,11.0,-0.6,-0.4
1330.0,225.40786315789472,50.0,48.33098020445266,0.08199164910336305,0.0012341449409111426,11.0,-0.6,-0.4
1330.0,225.40786315789472,51.0,48.99593175024939,0.07153025293479051,0.0005855718216476152,11.0,-0.6,-0.4
1330.0,225.40786315789472,52.0,49.66020260140331,0.06542486023225441,0.0007322492926644079,11.0,-0.6,-0.4
1330.0,225.40786315789472,53.0,50.32367774142317,0.06049182053057877,0.0008933705943218777,11.0,-0.6,-0.4
1330.0,225.40786315789472,54.0,50.98624142888759,0.05434890293305889,0.0010166843915687812,11.0,-0.6,-0.4
1330.0,225.40786315789472,55.0,51.64777709282861,0.054538094860162006,0.000994126504092305,11.0,-0.6,-0.4
1330.0,225.40786315789472,56.0,52.30816722772388,0.054863579630592525,0.0008882984892833168,11.0,-0.6,-0.4
1330.0,225.40786315789472,57.0,52.96729328806785,0.05427503999238943,0.0010074899515503798,11.0,-0.6,-0.4
1330.0,225.40786315789472,58.0,53.62503558250019,0.0565495025264492,0.0011146842857558414,11.0,-0.6,-0.4
1330.0,225.40786315789472,59.0,54.28127316747721,0.05777099649621175,0.0008803503976983222,11.0,-0.6,-0.4
1330.0,225.40786315789472,60.0,54.93588374048224,0.058343925822633036,0.001275583454200746,11.0,-0.6,-0.4
1340.0,223.72571492537313,35.0,38.35222290717139,0.08494115440949132,0.0013418341522825406,11.0,-0.6,-0.4
1340.0,223.72571492537313,36.0,39.01375857111241,0.08860874576265211,0.0010392157230634117,11.0,-0.6,-0.4
1340.0,223.72571492537313,37.0,39.67632225857683,0.09489245997629298,0.0007312683503551074,11.0,-0.6,-0.4
1340.0,223.72571492537313,38.0,40.33979739859669,0.10072222170597184,0.0011738559033956937,11.0,-0.6,-0.4
1340.0,223.72571492537313,39.0,41.00406824975061,0.10914390675798331,0.0011396601993052644,11.0,-0.6,-0.4
1340.0,223.72571492537313,40.0,41.66901979554734,0.1175858650316401,0.0012786138785438055,11.0,-0.6,-0.4
1340.0,223.72571492537313,41.0,42.33453764016517,0.13186789825834525,0.0012904686171067376,11.0,-0.6,-0.4
1340.0,223.72571492537313,42.0,43.000507904505824,0.1574863461668629,0.0009440159891337813,11.0,-0.6,-0.4
1340.0,223.72571492537313,43.0,43.66681712251742,0.20868473047931352,0.0014355298185555136,11.0,-0.6,-0.4
1340.0,223.72571492537313,44.0,44.33335213773696,0.2745840742527235,0.0014240030416494147,11.0,-0.6,-0.4
1340.0,223.72571492537313,45.0,45.0,0.21849491461923415,0.0012313917980543187,11.0,-0.6,-0.4
1340.0,223.72571492537313,46.0,45.66664786226304,0.1797683970519157,0.0015199699887867716,11.0,-0.6,-0.4
1340.0,223.72571492537313,47.0,46.33318287748258,0.15423819199744537,0.0009113711540447578,11.0,-0.6,-0.4
1340.0,223.72571492537313,48.0,46.999492095494176,0.1312832604798918,0.001335391717693412,11.0,-0.6,-0.4
1340.0,223.72571492537313,49.0,47.66546235983483,0.11378723531763114,0.0011473219857524985,11.0,-0.6,-0.4
1340.0,223.72571492537313,50.0,48.33098020445266,0.09964706218648041,0.001047056679620783,11.0,-0.6,-0.4
1340.0,223.72571492537313,51.0,48.99593175024939,0.09052237296705079,0.001092174741058197,11.0,-0.6,-0.4
1340.0,223.72571492537313,52.0,49.66020260140331,0.0822539826070206,0.0011159570888470338,11.0,-0.6,-0.4
1340.0,223.72571492537313,53.0,50.32367774142317,0.0767835601993348,0.0008457354152301437,11.0,-0.6,-0.4
1340.0,223.72571492537313,54.0,50.98624142888759,0.07390784207993079,0.0010300278891486592,11.0,-0.6,-0.4
1340.0,223.72571492537313,55.0,51.64777709282861,0.07059057473793931,0.0011697645901408038,11.0,-0.6,-0.4
1340.0,223.72571492537313,56.0,52.30816722772388,0.06849564569399007,0.000931571701761407,11.0,-0.6,-0.4
1340.0,223.72571492537313,57.0,52.96729328806785,0.0689558237134458,0.0010701676196538871,11.0,-0.6,-0.4
1340.0,223.72571492537313,58.0,53.62503558250019,0.07013913463342512,0.0010437735970113343,11.0,-0.6,-0.4
1340.0,223.72571492537313,59.0,54.28127316747721,0.0702280866063263,0.001077769762005528,11.0,-0.6,-0.4
1340.0,223.72571492537313,60.0,54.93588374048224,0.07082721614644616,0.001306116272636711,11.0,-0.6,-0.4
1350.0,222.06848740740742,35.0,38.35222290717139,0.08672929881502432,0.0009302459496500098,11.0,-0.6,-0.4
1350.0,222.06848740740742,36.0,39.01375857111241,0.09086037312981535,0.0010120236983213163,11.0,-0.6,-0.4
1350.0,222.06848740740742,37.0,39.67632225857683,0.09597543621716853,0.001300363167765266,11.0,-0.6,-0.4
1350.0,222.06848740740742,38.0,40.33979739859669,0.1038028197653938,0.0013045571578234234,11.0,-0.6,-0.4
1350.0,222.06848740740742,39.0,41.00406824975061,0.11250026970519032,0.0009751166390209558,11.0,-0.6,-0.4
1350.0,222.06848740740742,40.0,41.66901979554734,0.12258918971281436,0.0015324941208277195,11.0,-0.6,-0.4
1350.0,222.06848740740742,41.0,42.33453764016517,0.1391965953309009,0.0013136631729497655,11.0,-0.6,-0.4
1350.0,222.06848740740742,42.0,43.000507904505824,0.16468089000607603,0.000866294847007441,11.0,-0.6,-0.4
1350.0,222.06848740740742,43.0,43.66681712251742,0.22248840355415078,0.0015005322364894636,11.0,-0.6,-0.4
1350.0,222.06848740740742,44.0,44.33335213773696,0.30108748916913025,0.001606987646536182,11.0,-0.6,-0.4
1350.0,222.06848740740742,45.0,45.0,0.24412401812738438,0.001216352252419211,11.0,-0.6,-0.4
1350.0,222.06848740740742,46.0,45.66664786226304,0.20269212630243835,0.002150200204621774,11.0,-0.6,-0.4
1350.0,222.06848740740742,47.0,46.33318287748258,0.17924455664858294,0.000902023292311483,11.0,-0.6,-0.4
1350.0,222.06848740740742,48.0,46.999492095494176,0.15510507538772542,0.002736524232037621,11.0,-0.6,-0.4
1350.0,222.06848740740742,49.0,47.66546235983483,0.13528172067000296,0.0011175619446856084,11.0,-0.6,-0.4
1350.0,222.06848740740742,50.0,48.33098020445266,0.12177961306661587,0.0009539861500169075,11.0,-0.6,-0.4
1350.0,222.06848740740742,51.0,48.99593175024939,0.11001450457795983,0.0011986792823345009,11.0,-0.6,-0.4
1350.0,222.06848740740742,52.0,49.66020260140331,0.10206258910403773,0.0012783951134343133,11.0,-0.6,-0.4
1350.0,222.06848740740742,53.0,50.32367774142317,0.09404400374329142,0.0009942310956425658,11.0,-0.6,-0.4
1350.0,222.06848740740742,54.0,50.98624142888759,0.0903638510416704,0.00195939255826649,11.0,-0.6,-0.4
1350.0,222.06848740740742,55.0,51.64777709282861,0.08652741244136475,0.0010914154285080833,11.0,-0.6,-0.4
1350.0,222.06848740740742,56.0,52.30816722772388,0.08475421688808397,0.0013347523096566608,11.0,-0.6,-0.4
1350.0,222.06848740740742,57.0,52.96729328806785,0.0863850418072369,0.0007661202698922736,11.0,-0.6,-0.4
1350.0,222.06848740740742,58.0,53.62503558250019,0.08582704258615649,0.0003958253821544493,11.0,-0.6,-0.4
1350.0,222.06848740740742,59.0,54.28127316747721,0.08671540786509128,0.0008732636824822358,11.0,-0.6,-0.4
1350.0,222.06848740740742,60.0,54.93588374048224,0.08545314331643651,0.0010160626041514807,11.0,-0.6,-0.4
1360.0,220.43563088235294,35.0,38.35222290717139,0.08824261363046439,0.000892277632376905,11.0,-0.6,-0.4
1360.0,220.43563088235294,36.0,39.01375857111241,0.09181069240608034,0.0011580560859437295,11.0,-0.6,-0.4
1360.0,220.43563088235294,37.0,39.67632225857683,0.09742407223302592,0.0012749689715840715,11.0,-0.6,-0.4
1360.0,220.43563088235294,38.0,40.33979739859669,0.10525231534651155,0.0014376342698379878,11.0,-0.6,-0.4
1360.0,220.43563088235294,39.0,41.00406824975061,0.11539455651603947,0.0009394890363132249,11.0,-0.6,-0.4
1360.0,220.43563088235294,40.0,41.66901979554734,0.12444909800281319,0.0011794807052854092,11.0,-0.6,-0.4
1360.0,220.43563088235294,41.0,42.33453764016517,0.1425183370126509,0.000759576962479596,11.0,-0.6,-0.4
1360.0,220.43563088235294,42.0,43.000507904505824,0.16965072932509848,0.0021251437731421383,11.0,-0.6,-0.4
1360.0,220.43563088235294,43.0,43.66681712251742,0.22995825379486864,0.0015061190128849676,11.0,-0.6,-0.4
1360.0,220.43563088235294,44.0,44.33335213773696,0.3264687805631913,0.0023617660878568047,11.0,-0.6,-0.4
1360.0,220.43563088235294,45.0,45.0,0.26521883970607935,0.0013616725521971888,11.0,-0.6,-0.4
1360.0,220.43563088235294,46.0,45.66664786226304,0.2276755264680591,0.0016445057913245069,11.0,-0.6,-0.4
1360.0,220.43563088235294,47.0,46.33318287748258,0.20042401784418207,0.002268354190346074,11.0,-0.6,-0.4
1360.0,220.43563088235294,48.0,46.999492095494176,0.17746058428101993,0.0018952595723420618,11.0,-0.6,-0.4
1360.0,220.43563088235294,49.0,47.66546235983483,0.15902801270738542,0.0037413921492631306,11.0,-0.6,-0.4
1360.0,220.43563088235294,50.0,48.33098020445266,0.14268779276724014,0.0013409969073380902,11.0,-0.6,-0.4
1360.0,220.43563088235294,51.0,48.99593175024939,0.12946323477354074,0.0012194660149884755,11.0,-0.6,-0.4
1360.0,220.43563088235294,52.0,49.66020260140331,0.12018114422554191,0.001016420770695628,11.0,-0.6,-0.4
1360.0,220.43563088235294,53.0,50.32367774142317,0.1116389800385408,0.0022046013063904725,11.0,-0.6,-0.4
1360.0,220.43563088235294,54.0,50.98624142888759,0.10754189909255242,0.0015680403282151286,11.0,-0.6,-0.4
1360.0,220.43563088235294,55.0,51.64777709282861,0.10486215506140431,0.0012020848417667192,11.0,-0.6,-0.4
1360.0,220.43563088235294,56.0,52.30816722772388,0.10298415732288478,0.0015308532372410467,11.0,-0.6,-0.4
1360.0,220.43563088235294,57.0,52.96729328806785,0.10035299956043332,0.0007895598131758407,11.0,-0.6,-0.4
1360.0,220.43563088235294,58.0,53.62503558250019,0.1028246879381929,0.0012546144264946049,11.0,-0.6,-0.4
1360.0,220.43563088235294,59.0,54.28127316747721,0.10240296752768029,0.0009249445270113539,11.0,-0.6,-0.4
1360.0,220.43563088235294,60.0,54.93588374048224,0.10148178830282352,0.001894910184856766,11.0,-0.6,-0.4
1370.0,218.82661167883214,35.0,38.35222290717139,0.08904840748053147,0.001587356581630238,11.0,-0.6,-0.4
1370.0,218.82661167883214,36.0,39.01375857111241,0.09317320356480137,0.0009649171621375887,11.0,-0.6,-0.4
1370.0,218.82661167883214,37.0,39.67632225857683,0.10017824498752038,0.0011445674545977542,11.0,-0.6,-0.4
1370.0,218.82661167883214,38.0,40.33979739859669,0.10665336775351432,0.0011461540180068368,11.0,-0.6,-0.4
1370.0,218.82661167883214,39.0,41.00406824975061,0.11704462123376325,0.002160222188119431,11.0,-0.6,-0.4
1370.0,218.82661167883214,40.0,41.66901979554734,0.12780045923049835,0.0012805062651702114,11.0,-0.6,-0.4
1370.0,218.82661167883214,41.0,42.33453764016517,0.1478315960846518,0.0016270469591657792,11.0,-0.6,-0.4
1370.0,218.82661167883214,42.0,43.000507904505824,0.17681625036284812,0.0011303615449128287,11.0,-0.6,-0.4
1370.0,218.82661167883214,43.0,43.66681712251742,0.24193893172439396,0.0005561845208822214,11.0,-0.6,-0.4
1370.0,218.82661167883214,44.0,44.33335213773696,0.34526837816941247,0.0059946243740436195,11.0,-0.6,-0.4
1370.0,218.82661167883214,45.0,45.0,0.28839375743024553,0.0016438937076804344,11.0,-0.6,-0.4
1370.0,218.82661167883214,46.0,45.66664786226304,0.253193633108676,0.0015641595012156994,11.0,-0.6,-0.4
1370.0,218.82661167883214,47.0,46.33318287748258,0.22586554524430588,0.0013340051660275605,11.0,-0.6,-0.4
1370.0,218.82661167883214,48.0,46.999492095494176,0.2022247149648975,0.001890311301582504,11.0,-0.6,-0.4
1370.0,218.82661167883214,49.0,47.66546235983483,0.18284553243257162,0.0016161573142915173,11.0,-0.6,-0.4
1370.0,218.82661167883214,50.0,48.33098020445266,0.16449345853601186,0.0012575302480856334,11.0,-0.6,-0.4
1370.0,218.82661167883214,51.0,48.99593175024939,0.15235742913126574,0.0018899956742839906,11.0,-0.6,-0.4
1370.0,218.82661167883214,52.0,49.66020260140331,0.14012270663101048,0.000987169943818622,11.0,-0.6,-0.4
1370.0,218.82661167883214,53.0,50.32367774142317,0.13621057345819346,0.0011496013640415485,11.0,-0.6,-0.4
1370.0,218.82661167883214,54.0,50.98624142888759,0.12848830295621377,0.00135880162977207,11.0,-0.6,-0.4
1370.0,218.82661167883214,55.0,51.64777709282861,0.12635555318483213,0.0015312058777834044,11.0,-0.6,-0.4
1370.0,218.82661167883214,56.0,52.30816722772388,0.12430204800016752,0.0014745984421942683,11.0,-0.6,-0.4
1370.0,218.82661167883214,57.0,52.96729328806785,0.12371977697027253,0.001034868285756296,11.0,-0.6,-0.4
1370.0,218.82661167883214,58.0,53.62503558250019,0.1217262434886552,0.0010520046917876402,11.0,-0.6,-0.4
1370.0,218.82661167883214,59.0,54.28127316747721,0.12219117793600125,0.0008177629295699907,11.0,-0.6,-0.4
1370.0,218.82661167883214,60.0,54.93588374048224,0.121972542774005,0.0012061356438780927,11.0,-0.6,-0.4
1380.0,217.24091159420288,35.0,38.35222290717139,0.08856239707916144,0.0010589297204794865,11.0,-0.6,-0.4
1380.0,217.24091159420288,36.0,39.01375857111241,0.09555675505697327,0.0014646929517454846,11.0,-0.6,-0.4
1380.0,217.24091159420288,37.0,39.67632225857683,0.10112295512241039,0.0009655975361296365,11.0,-0.6,-0.4
1380.0,217.24091159420288,38.0,40.33979739859669,0.10853902213929553,0.0012390427184797925,11.0,-0.6,-0.4
1380.0,217.24091159420288,39.0,41.00406824975061,0.12021337980417178,0.0011483109958045762,11.0,-0.6,-0.4
1380.0,217.24091159420288,40.0,41.66901979554734,0.1314246429775226,0.0011066451310959829,11.0,-0.6,-0.4
1380.0,217.24091159420288,41.0,42.33453764016517,0.14996405314958203,0.0012452921938425137,11.0,-0.6,-0.4
1380.0,217.24091159420288,42.0,43.000507904505824,0.18002510946015793,0.002007147380080413,11.0,-0.6,-0.4
1380.0,217.24091159420288,43.0,43.66681712251742,0.24953982508010553,0.0015228727680213043,11.0,-0.6,-0.4
1380.0,217.24091159420288,44.0,44.33335213773696,0.37112764916131913,0.0033054735206368086,11.0,-0.6,-0.4
1380.0,217.24091159420288,45.0,45.0,0.3127699203702614,0.0012856179183319686,11.0,-0.6,-0.4
1380.0,217.24091159420288,46.0,45.66664786226304,0.27729775772225895,0.0016958217664040526,11.0,-0.6,-0.4
1380.0,217.24091159420288,47.0,46.33318287748258,0.24715677544437176,0.0010111218730181276,11.0,-0.6,-0.4
1380.0,217.24091159420288,48.0,46.999492095494176,0.22266047322827773,0.0017433795445259358,11.0,-0.6,-0.4
1380.0,217.24091159420288,49.0,47.66546235983483,0.20225522409425026,0.001980880041010301,11.0,-0.6,-0.4
1380.0,217.24091159420288,50.0,48.33098020445266,0.1881106338873053,0.0012145378857689273,11.0,-0.6,-0.4
1380.0,217.24091159420288,51.0,48.99593175024939,0.17470096388623962,0.0012995526229212164,11.0,-0.6,-0.4
1380.0,217.24091159420288,52.0,49.66020260140331,0.16177706270733166,0.0017468835174094307,11.0,-0.6,-0.4
1380.0,217.24091159420288,53.0,50.32367774142317,0.1542205133328898,0.0023052398589834375,11.0,-0.6,-0.4
1380.0,217.24091159420288,54.0,50.98624142888759,0.14713455859759675,0.001632921085423173,11.0,-0.6,-0.4
1380.0,217.24091159420288,55.0,51.64777709282861,0.14691499081132245,0.001119768108752489,11.0,-0.6,-0.4
1380.0,217.24091159420288,56.0,52.30816722772388,0.14445984748261098,0.0010105936642671382,11.0,-0.6,-0.4
1380.0,217.24091159420288,57.0,52.96729328806785,0.141330184829784,0.001172966350498467,11.0,-0.6,-0.4
1380.0,217.24091159420288,58.0,53.62503558250019,0.14224832214914954,0.0011580176737216784,11.0,-0.6,-0.4
1380.0,217.24091159420288,59.0,54.28127316747721,0.14112739816887832,0.0011295291110439366,11.0,-0.6,-0.4
1380.0,217.24091159420288,60.0,54.93588374048224,0.13876517058681961,0.001604149658431823,11.0,-0.6,-0.4
1390.0,215.6780273381295,35.0,38.35222290717139,0.09026748956679098,0.0012393438030180628,11.0,-0.6,-0.4
1390.0,215.6780273381295,36.0,39.01375857111241,0.0950939015824846,0.0011178067688484262,11.0,-0.6,-0.4
1390.0,215.6780273381295,37.0,39.67632225857683,0.10164501335233589,0.0008108733296284676,11.0,-0.6,-0.4
1390.0,215.6780273381295,38.0,40.33979739859669,0.11014078674305168,0.0014095188411202065,11.0,-0.6,-0.4
1390.0,215.6780273381295,39.0,41.00406824975061,0.12187103309498114,0.0006304263458927557,11.0,-0.6,-0.4
1390.0,215.6780273381295,40.0,41.66901979554734,0.13381900440854327,0.0013644240973479651,11.0,-0.6,-0.4
1390.0,215.6780273381295,41.0,42.33453764016517,0.1551279104411142,0.0010691823220659988,11.0,-0.6,-0.4
1390.0,215.6780273381295,42.0,43.000507904505824,0.18821905928527105,0.0015087224565251466,11.0,-0.6,-0.4
1390.0,215.6780273381295,43.0,43.66681712251742,0.25833555498716626,0.0018352695315982633,11.0,-0.6,-0.4
1390.0,215.6780273381295,44.0,44.33335213773696,0.39326484931400424,0.002466938221607666,11.0,-0.6,-0.4
1390.0,215.6780273381295,45.0,45.0,0.33402814242649875,0.0025593930295960475,11.0,-0.6,-0.4
1390.0,215.6780273381295,46.0,45.66664786226304,0.2918584502949588,0.005849459485908882,11.0,-0.6,-0.4
1390.0,215.6780273381295,47.0,46.33318287748258,0.26909762267994136,0.0015814084305027839,11.0,-0.6,-0.4
1390.0,215.6780273381295,48.0,46.999492095494176,0.24620948015583524,0.0013978704484898757,11.0,-0.6,-0.4
1390.0,215.6780273381295,49.0,47.66546235983483,0.2252042443756385,0.0012072634898573904,11.0,-0.6,-0.4
1390.0,215.6780273381295,50.0,48.33098020445266,0.2112643324410432,0.0015649214475220625,11.0,-0.6,-0.4
1390.0,215.6780273381295,51.0,48.99593175024939,0.1974196013524251,0.0018744642325370237,11.0,-0.6,-0.4
1390.0,215.6780273381295,52.0,49.66020260140331,0.18945618751380525,0.003584706675913126,11.0,-0.6,-0.4
1390.0,215.6780273381295,53.0,50.32367774142317,0.17819605801122582,0.0017538856157024063,11.0,-0.6,-0.4
1390.0,215.6780273381295,54.0,50.98624142888759,0.1707358718189339,0.0021916536294986984,11.0,-0.6,-0.4
1390.0,215.6780273381295,55.0,51.64777709282861,0.167506007308817,0.0012094582517450595,11.0,-0.6,-0.4
1390.0,215.6780273381295,56.0,52.30816722772388,0.16618391438357216,0.0010651871551293876,11.0,-0.6,-0.4
1390.0,215.6780273381295,57.0,52.96729328806785,0.16529716593014815,0.002267784986099553,11.0,-0.6,-0.4
1390.0,215.6780273381295,58.0,53.62503558250019,0.16358743736787773,0.0017432132215249572,11.0,-0.6,-0.4
1390.0,215.6780273381295,59.0,54.28127316747721,0.16299339701324558,0.0012425614476639514,11.0,-0.6,-0.4
1390.0,215.6780273381295,60.0,54.93588374048224,0.1590269187885751,0.0023087796093043448,11.0,-0.6,-0.4
1400.0,214.13746999999998,35.0,38.35222290717139,0.09055315158827307,0.0009799150991159171,11.0,-0.6,-0.4
1400.0,214.13746999999998,36.0,39.01375857111241,0.09695938652195615,0.0014042163837251515,11.0,-0.6,-0.4
1400.0,214.13746999999998,37.0,39.67632225857683,0.10297954508748375,0.001080027434672265,11.0,-0.6,-0.4
1400.0,214.13746999999998,38.0,40.33979739859669,0.11254296205347983,0.001093662827589265,11.0,-0.6,-0.4
1400.0,214.13746999999998,39.0,41.00406824975061,0.1224200429809727,0.0015993996420249317,11.0,-0.6,-0.4
1400.0,214.13746999999998,40.0,41.66901979554734,0.1352451931812455,0.0009677073747858944,11.0,-0.6,-0.4
1400.0,214.13746999999998,41.0,42.33453764016517,0.1561430959954665,0.0011036130052730078,11.0,-0.6,-0.4
1400.0,214.13746999999998,42.0,43.000507904505824,0.19195683072605113,0.0009487595273836415,11.0,-0.6,-0.4
1400.0,214.13746999999998,43.0,43.66681712251742,0.2639030984857159,0.002852208170199427,11.0,-0.6,-0.4
1400.0,214.13746999999998,44.0,44.33335213773696,0.41303255797096355,0.0036342368894132933,11.0,-0.6,-0.4
1400.0,214.13746999999998,45.0,45.0,0.35642571590177075,0.0021619704558688444,11.0,-0.6,-0.4
1400.0,214.13746999999998,46.0,45.66664786226304,0.31531151370263505,0.004134393758183027,11.0,-0.6,-0.4
1400.0,214.13746999999998,47.0,46.33318287748258,0.29279707046443026,0.0017333866972997934,11.0,-0.6,-0.4
1400.0,214.13746999999998,48.0,46.999492095494176,0.26821722244521046,0.0013132896441386318,11.0,-0.6,-0.4
1400.0,214.13746999999998,49.0,47.66546235983483,0.2491043559366302,0.0020132773868945368,11.0,-0.6,-0.4
1400.0,214.13746999999998,50.0,48.33098020445266,0.2325788428117822,0.0015368104018726623,11.0,-0.6,-0.4
1400.0,214.13746999999998,51.0,48.99593175024939,0.22045516179176455,0.001040324926344789,11.0,-0.6,-0.4
1400.0,214.13746999999998,52.0,49.66020260140331,0.209935484073977,0.0019056617971494629,11.0,-0.6,-0.4
1400.0,214.13746999999998,53.0,50.32367774142317,0.20186806199604132,0.0032991965285697924,11.0,-0.6,-0.4
1400.0,214.13746999999998,54.0,50.98624142888759,0.19109339344920367,0.001630370164462765,11.0,-0.6,-0.4
1400.0,214.13746999999998,55.0,51.64777709282861,0.18878549897785196,0.002105684678538827,11.0,-0.6,-0.4
1400.0,214.13746999999998,56.0,52.30816722772388,0.18695844805028178,0.0014831838462998775,11.0,-0.6,-0.4
1400.0,214.13746999999998,57.0,52.96729328806785,0.18791474561691549,0.0019737189372084417,11.0,-0.6,-0.4
1400.0,214.13746999999998,58.0,53.62503558250019,0.1825812932642333,0.0010869516661297924,11.0,-0.6,-0.4
1400.0,214.13746999999998,59.0,54.28127316747721,0.18171012779178686,0.0013510254690052988,11.0,-0.6,-0.4
1400.0,214.13746999999998,60.0,54.93588374048224,0.1760283895351103,0.001892367952245262,11.0,-0.6,-0.4
1410.0,212.6187645390071,35.0,38.35222290717139,0.09087304154437872,0.0007164356879688639,11.0,-0.6,-0.4
1410.0,212.6187645390071,36.0,39.01375857111241,0.0960167536457973,0.0009461199876254545,11.0,-0.6,-0.4
1410.0,212.6187645390071,37.0,39.67632225857683,0.10415418944454732,0.0010809272873658158,11.0,-0.6,-0.4
1410.0,212.6187645390071,38.0,40.33979739859669,0.11333161777299963,0.0011892120059535565,11.0,-0.6,-0.4
1410.0,212.6187645390071,39.0,41.00406824975061,0.12414762680562642,0.001333520818085144,11.0,-0.6,-0.4
1410.0,212.6187645390071,40.0,41.66901979554734,0.13764702903724266,0.0007830992799492261,11.0,-0.6,-0.4
1410.0,212.6187645390071,41.0,42.33453764016517,0.16083287768857343,0.0013852328123491204,11.0,-0.6,-0.4
1410.0,212.6187645390071,42.0,43.000507904505824,0.19511486906221967,0.0031898339140008524,11.0,-0.6,-0.4
1410.0,212.6187645390071,43.0,43.66681712251742,0.27275644613416666,0.0011167693131024121,11.0,-0.6,-0.4
1410.0,212.6187645390071,44.0,44.33335213773696,0.4329376710124372,0.0015769408662430872,11.0,-0.6,-0.4
1410.0,212.6187645390071,45.0,45.0,0.3810820450089102,0.003410004019651876,11.0,-0.6,-0.4
1410.0,212.6187645390071,46.0,45.66664786226304,0.34218053080970434,0.002028097738955534,11.0,-0.6,-0.4
1410.0,212.6187645390071,47.0,46.33318287748258,0.3180254750855198,0.0021229130103254147,11.0,-0.6,-0.4
1410.0,212.6187645390071,48.0,46.999492095494176,0.29454418212265693,0.0023195851095921074,11.0,-0.6,-0.4
1410.0,212.6187645390071,49.0,47.66546235983483,0.27170519570410767,0.0029405933370401345,11.0,-0.6,-0.4
1410.0,212.6187645390071,50.0,48.33098020445266,0.2541258761535566,0.0019214960003469698,11.0,-0.6,-0.4
1410.0,212.6187645390071,51.0,48.99593175024939,0.24076110252515878,0.0014176286617624376,11.0,-0.6,-0.4
1410.0,212.6187645390071,52.0,49.66020260140331,0.23339502836944617,0.0026053864100668697,11.0,-0.6,-0.4
1410.0,212.6187645390071,53.0,50.32367774142317,0.22277045094168163,0.0056921567952906305,11.0,-0.6,-0.4
1410.0,212.6187645390071,54.0,50.98624142888759,0.21255559863435847,0.0028600234182816014,11.0,-0.6,-0.4
1410.0,212.6187645390071,55.0,51.64777709282861,0.21161205007123832,0.0016696024637715783,11.0,-0.6,-0.4
1410.0,212.6187645390071,56.0,52.30816722772388,0.21167036168971992,0.001807410021265246,11.0,-0.6,-0.4
1410.0,212.6187645390071,57.0,52.96729328806785,0.20693830133901123,0.0016882371064697586,11.0,-0.6,-0.4
1410.0,212.6187645390071,58.0,53.62503558250019,0.20528329815618224,0.0016073514751969874,11.0,-0.6,-0.4
1410.0,212.6187645390071,59.0,54.28127316747721,0.2028470365211059,0.0017104704070421272,11.0,-0.6,-0.4
1410.0,212.6187645390071,60.0,54.93588374048224,0.19824617660202462,0.000986399618342719,11.0,-0.6,-0.4
1420.0,211.12144929577462,35.0,38.35222290717139,0.0924948260932049,0.001011884541916046,11.0,-0.6,-0.4
1420.0,211.12144929577462,36.0,39.01375857111241,0.09871198440942924,0.001311878678014539,11.0,-0.6,-0.4
1420.0,211.12144929577462,37.0,39.67632225857683,0.10441116590242464,0.0012757533601935758,11.0,-0.6,-0.4
1420.0,211.12144929577462,38.0,40.33979739859669,0.11461796980611606,0.000879301152898181,11.0,-0.6,-0.4
1420.0,211.12144929577462,39.0,41.00406824975061,0.12747749640583547,0.0015521391293188912,11.0,-0.6,-0.4
1420.0,211.12144929577462,40.0,41.66901979554734,0.14114536001444317,0.0011493409298190323,11.0,-0.6,-0.4
1420.0,211.12144929577462,41.0,42.33453764016517,0.16416690590014082,0.0015514152273735044,11.0,-0.6,-0.4
1420.0,211.12144929577462,42.0,43.000507904505824,0.2023948531030399,0.002502547973218859,11.0,-0.6,-0.4
1420.0,211.12144929577462,43.0,43.66681712251742,0.28090835944432485,0.001935021233898945,11.0,-0.6,-0.4
1420.0,211.12144929577462,44.0,44.33335213773696,0.4586157150379205,0.0021704263897906655,11.0,-0.6,-0.4
1420.0,211.12144929577462,45.0,45.0,0.4045149444990008,0.004083836362043461,11.0,-0.6,-0.4
1420.0,211.12144929577462,46.0,45.66664786226304,0.3605631593707017,0.0026918344629891363,11.0,-0.6,-0.4
1420.0,211.12144929577462,47.0,46.33318287748258,0.34106503027471047,0.001222592593204316,11.0,-0.6,-0.4
1420.0,211.12144929577462,48.0,46.999492095494176,0.31691439911285846,0.0016191144128643318,11.0,-0.6,-0.4
1420.0,211.12144929577462,49.0,47.66546235983483,0.2942518670295375,0.00191955057099241,11.0,-0.6,-0.4
1420.0,211.12144929577462,50.0,48.33098020445266,0.27903910371350815,0.0014079732605213587,11.0,-0.6,-0.4
1420.0,211.12144929577462,51.0,48.99593175024939,0.26572622159915443,0.0013805919814318941,11.0,-0.6,-0.4
1420.0,211.12144929577462,52.0,49.66020260140331,0.25624880727233906,0.0022174757308348887,11.0,-0.6,-0.4
1420.0,211.12144929577462,53.0,50.32367774142317,0.24588548033680127,0.002252190395255421,11.0,-0.6,-0.4
1420.0,211.12144929577462,54.0,50.98624142888759,0.2382495804936557,0.0017998636332051151,11.0,-0.6,-0.4
1420.0,211.12144929577462,55.0,51.64777709282861,0.23325721894766033,0.0015921666058385793,11.0,-0.6,-0.4
1420.0,211.12144929577462,56.0,52.30816722772388,0.2319570236904654,0.0015309908707327026,11.0,-0.6,-0.4
1420.0,211.12144929577462,57.0,52.96729328806785,0.22891119688451933,0.001177415609001712,11.0,-0.6,-0.4
1420.0,211.12144929577462,58.0,53.62503558250019,0.2267708529205861,0.0021869286101000533,11.0,-0.6,-0.4
1420.0,211.12144929577462,59.0,54.28127316747721,0.22751141556804574,0.0006130659574677088,11.0,-0.6,-0.4
1420.0,211.12144929577462,60.0,54.93588374048224,0.22300526395984263,0.002121304578079066,11.0,-0.6,-0.4
1430.0,209.6450755244755,35.0,38.35222290717139,0.09328328473054558,0.001219317106909136,11.0,-0.6,-0.4
1430.0,209.6450755244755,36.0,39.01375857111241,0.09925917138322697,0.0011630261960185093,11.0,-0.6,-0.4
1430.0,209.6450755244755,37.0,39.67632225857683,0.10608372756790536,0.0010965778714831656,11.0,-0.6,-0.4
1430.0,209.6450755244755,38.0,40.33979739859669,0.1164760862617006,0.0010626722922781977,11.0,-0.6,-0.4
1430.0,209.6450755244755,39.0,41.00406824975061,0.12886608312149336,0.0009892461201830099,11.0,-0.6,-0.4
1430.0,209.6450755244755,40.0,41.66901979554734,0.14313372140059435,0.001435133818626974,11.0,-0.6,-0.4
1430.0,209.6450755244755,41.0,42.33453764016517,0.16815796081334947,0.0012632405707533052,11.0,-0.6,-0.4
1430.0,209.6450755244755,42.0,43.000507904505824,0.20787218653754855,0.0015051557693950073,11.0,-0.6,-0.4
1430.0,209.6450755244755,43.0,43.66681712251742,0.2900752806302871,0.0021939033650582515,11.0,-0.6,-0.4
1430.0,209.6450755244755,44.0,44.33335213773696,0.481107933555187,0.001865609607178486,11.0,-0.6,-0.4
1430.0,209.6450755244755,45.0,45.0,0.4288064124210083,0.00399830897644875,11.0,-0.6,-0.4
1430.0,209.6450755244755,46.0,45.66664786226304,0.38287805034493805,0.002159205317014333,11.0,-0.6,-0.4
1430.0,209.6450755244755,47.0,46.33318287748258,0.36242166859743535,0.0015452130059019093,11.0,-0.6,-0.4
1430.0,209.6450755244755,48.0,46.999492095494176,0.33800274621181886,0.0020272603419991177,11.0,-0.6,-0.4
1430.0,209.6450755244755,49.0,47.66546235983483,0.3173692536935148,0.0008897084247865505,11.0,-0.6,-0.4
1430.0,209.6450755244755,50.0,48.33098020445266,0.29940612076533807,0.0015118488859142821,11.0,-0.6,-0.4
1430.0,209.6450755244755,51.0,48.99593175024939,0.28770834733221995,0.0016312101795514977,11.0,-0.6,-0.4
1430.0,209.6450755244755,52.0,49.66020260140331,0.27815553682396305,0.0025567165834003472,11.0,-0.6,-0.4
1430.0,209.6450755244755,53.0,50.32367774142317,0.26548257748965315,0.002938281290729122,11.0,-0.6,-0.4
1430.0,209.6450755244755,54.0,50.98624142888759,0.26013205504945175,0.001969067067805315,11.0,-0.6,-0.4
1430.0,209.6450755244755,55.0,51.64777709282861,0.2532377362129146,0.0020385946553371573,11.0,-0.6,-0.4
1430.0,209.6450755244755,56.0,52.30816722772388,0.25177134487395303,0.002261338709041193,11.0,-0.6,-0.4
1430.0,209.6450755244755,57.0,52.96729328806785,0.24932010490060807,0.0015067279758439974,11.0,-0.6,-0.4
1430.0,209.6450755244755,58.0,53.62503558250019,0.24947542376204712,0.0015562596092198288,11.0,-0.6,-0.4
1430.0,209.6450755244755,59.0,54.28127316747721,0.2466886317496754,0.0016211784040380682,11.0,-0.6,-0.4
1430.0,209.6450755244755,60.0,54.93588374048224,0.24199475539327242,0.0013021728154563894,11.0,-0.6,-0.4
1440.0,208.1892069444444,35.0,38.35222290717139,0.09328982964197965,0.0009298153172921308,11.0,-0.6,-0.4
1440.0,208.1892069444444,36.0,39.01375857111241,0.09969287547276119,0.001158351465412296,11.0,-0.6,-0.4
1440.0,208.1892069444444,37.0,39.67632225857683,0.10644482659878957,0.0009451323289481975,11.0,-0.6,-0.4
1440.0,208.1892069444444,38.0,40.33979739859669,0.1159086379071702,0.0011041082707842708,11.0,-0.6,-0.4
1440.0,208.1892069444444,39.0,41.00406824975061,0.12863382863522432,0.0013890541103572527,11.0,-0.6,-0.4
1440.0,208.1892069444444,40.0,41.66901979554734,0.14549152672125207,0.0009521154641050607,11.0,-0.6,-0.4
1440.0,208.1892069444444,41.0,42.33453764016517,0.16790926630210076,0.0007971334650128588,11.0,-0.6,-0.4
1440.0,208.1892069444444,42.0,43.000507904505824,0.21167437031155314,0.002171354912813337,11.0,-0.6,-0.4
1440.0,208.1892069444444,43.0,43.66681712251742,0.29055869304374493,0.004404646957635536,11.0,-0.6,-0.4
1440.0,208.1892069444444,44.0,44.33335213773696,0.4898287092452701,0.003098874557361881,11.0,-0.6,-0.4
1440.0,208.1892069444444,45.0,45.0,0.4467400489672466,0.005002652373397507,11.0,-0.6,-0.4
1440.0,208.1892069444444,46.0,45.66664786226304,0.40484645384528517,0.0017957330735477361,11.0,-0.6,-0.4
1440.0,208.1892069444444,47.0,46.33318287748258,0.3797259314239189,0.00107388047037178,11.0,-0.6,-0.4
1440.0,208.1892069444444,48.0,46.999492095494176,0.358003411768007,0.0021596919138418763,11.0,-0.6,-0.4
1440.0,208.1892069444444,49.0,47.66546235983483,0.3335516308064144,0.0014163005691452308,11.0,-0.6,-0.4
1440.0,208.1892069444444,50.0,48.33098020445266,0.32081782991011676,0.0020132379172012656,11.0,-0.6,-0.4
1440.0,208.1892069444444,51.0,48.99593175024939,0.3042481038760548,0.0012017456993568664,11.0,-0.6,-0.4
1440.0,208.1892069444444,52.0,49.66020260140331,0.29427119091541615,0.001434974322233004,11.0,-0.6,-0.4
1440.0,208.1892069444444,53.0,50.32367774142317,0.2835749152405012,0.0030872210221613836,11.0,-0.6,-0.4
1440.0,208.1892069444444,54.0,50.98624142888759,0.2736995707945332,0.001075081700382497,11.0,-0.6,-0.4
1440.0,208.1892069444444,55.0,51.64777709282861,0.2721638482269859,0.0015243913543665731,11.0,-0.6,-0.4
1440.0,208.1892069444444,56.0,52.30816722772388,0.2708445315896028,0.002025613318278675,11.0,-0.6,-0.4
1440.0,208.1892069444444,57.0,52.96729328806785,0.26857520688177927,0.0017473078158808204,11.0,-0.6,-0.4
1440.0,208.1892069444444,58.0,53.62503558250019,0.26806112944497973,0.0010768993307072208,11.0,-0.6,-0.4
1440.0,208.1892069444444,59.0,54.28127316747721,0.2664846840998449,0.0012527959734597192,11.0,-0.6,-0.4
1440.0,208.1892069444444,60.0,54.93588374048224,0.2604366292359244,0.0013411775182490537,11.0,-0.6,-0.4
1450.0,206.7534193103448,35.0,38.35222290717139,0.09407758938744139,0.0011168698522571747,11.0,-0.6,-0.4
1450.0,206.7534193103448,36.0,39.01375857111241,0.10149190210914064,0.0013205075197928002,11.0,-0.6,-0.4
1450.0,206.7534193103448,37.0,39.67632225857683,0.10818176908882178,0.0010638239381888116,11.0,-0.6,-0.4
1450.0,206.7534193103448,38.0,40.33979739859669,0.1180124673142266,0.0013002101774289992,11.0,-0.6,-0.4
1450.0,206.7534193103448,39.0,41.00406824975061,0.13094675922056537,0.0010492457696981603,11.0,-0.6,-0.4
1450.0,206.7534193103448,40.0,41.66901979554734,0.14599450227097088,0.0010199641181559951,11.0,-0.6,-0.4
1450.0,206.7534193103448,41.0,42.33453764016517,0.17093674794352218,0.001013815587176002,11.0,-0.6,-0.4
1450.0,206.7534193103448,42.0,43.000507904505824,0.21244528211832556,0.0022262666371767226,11.0,-0.6,-0.4
1450.0,206.7534193103448,43.0,43.66681712251742,0.3024915132781464,0.0012519624932076554,11.0,-0.6,-0.4
1450.0,206.7534193103448,44.0,44.33335213773696,0.5116302643901643,0.0027050997282122057,11.0,-0.6,-0.4
1450.0,206.7534193103448,45.0,45.0,0.4597262432613532,0.0014017931288536933,11.0,-0.6,-0.4
1450.0,206.7534193103448,46.0,45.66664786226304,0.42114659006151983,0.004762712209463506,11.0,-0.6,-0.4
1450.0,206.7534193103448,47.0,46.33318287748258,0.3998321950054862,0.0016420945171304077,11.0,-0.6,-0.4
1450.0,206.7534193103448,48.0,46.999492095494176,0.3766817339978004,0.002602173309646153,11.0,-0.6,-0.4
1450.0,206.7534193103448,49.0,47.66546235983483,0.35275056188676446,0.0019204485802802038,11.0,-0.6,-0.4
1450.0,206.7534193103448,50.0,48.33098020445266,0.33804298536093114,0.0022138484033393606,11.0,-0.6,-0.4
1450.0,206.7534193103448,51.0,48.99593175024939,0.32541389500165874,0.002029028687063663,11.0,-0.6,-0.4
1450.0,206.7534193103448,52.0,49.66020260140331,0.31188608809866286,0.0018863161991033777,11.0,-0.6,-0.4
1450.0,206.7534193103448,53.0,50.32367774142317,0.30446977660411784,0.0025241408799056703,11.0,-0.6,-0.4
1450.0,206.7534193103448,54.0,50.98624142888759,0.2982750170442969,0.0024305693689884245,11.0,-0.6,-0.4
1450.0,206.7534193103448,55.0,51.64777709282861,0.2890596685461,0.0017720434621112471,11.0,-0.6,-0.4
1450.0,206.7534193103448,56.0,52.30816722772388,0.2869977325602041,0.0015460190109890001,11.0,-0.6,-0.4
1450.0,206.7534193103448,57.0,52.96729328806785,0.29032559393813673,0.0015647905753220848,11.0,-0.6,-0.4
1450.0,206.7534193103448,58.0,53.62503558250019,0.2858974748563384,0.0023414716251206765,11.0,-0.6,-0.4
1450.0,206.7534193103448,59.0,54.28127316747721,0.2789398537791144,0.0024569195846071146,11.0,-0.6,-0.4
1450.0,206.7534193103448,60.0,54.93588374048224,0.2765043926503145,0.0019763053501640265,11.0,-0.6,-0.4
