wavelength_nm,measured_rp,measured_rs,source_simulated_rp,source_simulated_rs,si_lossless_fixed_n3p5__none__semi_infinite_substrate_rp,si_lossless_fixed_n3p5__none__semi_infinite_substrate_rs,si_lossless_fixed_n3p5__none__incoherent_air_backside_upper_bound_rp,si_lossless_fixed_n3p5__none__incoherent_air_backside_upper_bound_rs,si_lossless_fixed_n3p5__sio2_2nm_between_tin_and_si__semi_infinite_substrate_rp,si_lossless_fixed_n3p5__sio2_2nm_between_tin_and_si__semi_infinite_substrate_rs,si_lossless_fixed_n3p5__sio2_2nm_between_tin_and_si__incoherent_air_backside_upper_bound_rp,si_lossless_fixed_n3p5__sio2_2nm_between_tin_and_si__incoherent_air_backside_upper_bound_rs,si_weak_absorbing_fixed_n3p7_k0p02__none__semi_infinite_substrate_rp,si_weak_absorbing_fixed_n3p7_k0p02__none__semi_infinite_substrate_rs,si_weak_absorbing_fixed_n3p7_k0p02__none__incoherent_air_backside_upper_bound_rp,si_weak_absorbing_fixed_n3p7_k0p02__none__incoherent_air_backside_upper_bound_rs,si_weak_absorbing_fixed_n3p7_k0p02__sio2_2nm_between_tin_and_si__semi_infinite_substrate_rp,si_weak_absorbing_fixed_n3p7_k0p02__sio2_2nm_between_tin_and_si__semi_infinite_substrate_rs,si_weak_absorbing_fixed_n3p7_k0p02__sio2_2nm_between_tin_and_si__incoherent_air_backside_upper_bound_rp,si_weak_absorbing_fixed_n3p7_k0p02__sio2_2nm_between_tin_and_si__incoherent_air_backside_upper_bound_rs,si_synthetic_blue_absorbing_dispersion__none__semi_infinite_substrate_rp,si_synthetic_blue_absorbing_dispersion__none__semi_infinite_substrate_rs,si_synthetic_blue_absorbing_dispersion__none__incoherent_air_backside_upper_bound_rp,si_synthetic_blue_absorbing_dispersion__none__incoherent_air_backside_upper_bound_rs,si_synthetic_blue_absorbing_dispersion__sio2_2nm_between_tin_and_si__semi_infinite_substrate_rp,si_synthetic_blue_absorbing_dispersion__sio2_2nm_between_tin_and_si__semi_infinite_substrate_rs,si_synthetic_blue_absorbing_dispersion__sio2_2nm_between_tin_and_si__incoherent_air_backside_upper_bound_rp,si_synthetic_blue_absorbing_dispersion__sio2_2nm_between_tin_and_si__incoherent_air_backside_upper_bound_rs
300.0,0.0437279,0.278213,0.0511996,0.304599,0.052032857065783346,0.3077109575341356,0.0520328570712757,0.30771095753761474,0.05203278604174018,0.3077107649950611,0.05203278604691234,0.3077107649982088,0.052032877106913004,0.30771099980132954,0.052032877112700444,0.30771099980501904,0.05203279975472111,0.3077107913817618,0.052032799760144605,0.30771079138507534,0.05203276490024894,0.30771079985520994,0.052032764905680685,0.3077107998587284,0.05203263338952008,0.3077104703724557,0.05203263339435233,0.3077104703753775
310.0,0.0396108,0.26758,0.125436,0.422877,0.11879961692584604,0.41365666574574766,0.1187996173267883,0.41365666595430933,0.11880055865689793,0.4136584294272891,0.11880055903853588,0.413658429619237,0.11879981995109334,0.41365694820867094,0.11879982037490205,0.41365694843069994,0.11880082732938972,0.41365881721419673,0.11880082773113684,0.4136588174172673,0.11880502588119081,0.4136638605530923,0.11880502631381117,0.4136638607867084,0.11880626879201549,0.41366599194383813,0.1188062691836012,0.41366599214312255
320.0,0.0310284,0.246658,0.0409908,0.255734,0.02765189673972126,0.22544359185148255,0.02765191649876487,0.22544360591877607,0.027652473106755334,0.225442139790469,0.027652492077884335,0.22544215291450723,0.027649730892520756,0.22543791951435316,0.027649751727566542,0.22543793439787002,0.02765042320999576,0.2254366486677338,0.02765044314590494,0.22543666248074895,0.02763427733552672,0.22539032393750974,0.02763429906741074,0.22539033939147674,0.027637288155671236,0.22539503702019364,0.02763730815482459,0.2253950505390014
330.0,0.0525166,0.295135,0.0162154,0.200082,0.02658970160073758,0.23083909421504656,0.026590056828010817,0.23083934492244015,0.02659094165637101,0.2308268315392884,0.026591284905284264,0.23082706778221418,0.026598923331368846,0.23086227750068414,0.026599297314789785,0.23086254214548532,0.026599991580660207,0.23084817480149797,0.02660035191681506,0.23084842307438988,0.026675543723806313,0.2310095162040762,0.026675942265143186,0.23100979637580965,0.026669828872323033,0.23096744967022137,0.02667020074431061,0.23096769993519728
340.0,0.0787512,0.349156,0.0707809,0.332908,0.08311116420546986,0.3603357782003228,0.08311370150804863,0.36033720847497264,0.08316946969603663,0.3604670068462208,0.08317193214684802,0.36046836333750115,0.08310299243376794,0.3603331983703019,0.08310566156258312,0.3603347089032857,0.08316594913971187,0.36047320109048064,0.08316853312429397,0.3604746281676536,0.08321263270332807,0.36058546417494025,0.08321553428877354,0.36058712150748806,0.08331126470785603,0.36078071587458754,0.08331400074357559,0.36078221931276755
350.0,0.0776558,0.34134,0.0909548,0.376016,0.09819904488215297,0.38752916858985076,0.09820949390921241,0.3875347569556445,0.09818976130936939,0.38752220969545903,0.09819993285849432,0.3875275346277396,0.0981040518697139,0.3873846409891425,0.09811502478735634,0.3873905317583633,0.09809637700521999,0.3873825430602574,0.09810703515464109,0.3873881367659705,0.0973808338680372,0.38635114918821833,0.09739283814709822,0.3863576622176823,0.09742414803883546,0.38645064111554756,0.09743555640891963,0.3864566187817597
360.0,0.0563605,0.281693,0.0767779,0.345855,0.07998603564140062,0.3437783027347646,0.0800155257470364,0.34379555065795914,0.07980052048341538,0.3433594995741292,0.0798292903802833,0.3433759948445606,0.07994844523988803,0.34373155363920443,0.07997933334608408,0.3437496568575984,0.07975008151307997,0.3432878562542928,0.07978015574734515,0.343305115605697,0.07926317920777162,0.3427467104004859,0.07929686005971157,0.34276645036171316,0.07899261644437877,0.3421693083623491,0.07902481870919584,0.34218760125184905
370.0,0.0292854,0.199164,0.0583837,0.295529,0.05027772975539761,0.2637385609243582,0.05033990077839224,0.2637810174274658,0.05015780023546804,0.26352596739702955,0.050218526165712346,0.2635666134239923,0.05041067225785026,0.264043652644601,0.050475605696502224,0.26408797265642425,0.05027918485970862,0.263807939414645,0.0503424926712633,0.26385024541756286,0.051106942004281536,0.26577185947702436,0.05117726332975061,0.2658190239405833,0.05086529952449827,0.2653032488088783,0.050932809781636584,0.2653471948380153
380.0,0.0091204,0.127059,0.0369586,0.226688,0.022564858313587375,0.17468445815929332,0.0226687589309975,0.17476777600587362,0.022651354794297265,0.1752190839019082,0.022752916824258684,0.17529882186778506,0.022696414780798254,0.17491951204934647,0.02280467282066804,0.175006112917019,0.02278644672174464,0.17547883827682617,0.02289208453422646,0.17556148187347667,0.023718506276819585,0.17700440002707601,0.02383525450549332,0.17709505079460722,0.023805502051218924,0.1776551054807032,0.02391790938143794,0.17773977820035328
390.0,0.000542849,0.0974151,0.0143937,0.14706,0.004965502981120137,0.11011261752600615,0.005109121994841839,0.11024165816410439,0.005063511191919344,0.11053138271795385,0.005204031758327767,0.11065504861216223,0.004972940041770012,0.10983737248452356,0.005122272714503784,0.10997110563302955,0.005077839204361143,0.11029007977538617,0.005223712014970963,0.11041789373658485,0.005143763038485346,0.10847556439188964,0.005304555626531337,0.10861498111952493,0.005291837627853957,0.10917716926156228,0.005447089458444839,0.10930791014053166
400.0,0.00296067,0.111236,0.00187336,0.0990484,8.671436012713262e-05,0.09464996652767642,0.0002566965933138265,0.09480878704833182,7.361282036216284e-05,0.09419919254463455,0.00024007670813047774,0.09435174507937594,8.544375666468279e-05,0.09435587101926349,0.0002617916439310899,0.0945199662987039,7.1539847643366e-05,0.09388763253123904,0.00024397406542082516,0.0940448539412882,8.714689563534097e-05,0.09238321272189594,0.0002765447074389565,0.0925538631427795,6.8538718341564e-05,0.09184137391225788,0.00025187033977839006,0.09200222838082796
410.0,0.0108076,0.149678,0.000704476,0.0986437,0.005338223708917569,0.1234773884038738,0.005516131543450339,0.12363979495292284,0.005337289561706856,0.12288252717263384,0.005511556372380696,0.12303854317717484,0.0054308514932509344,0.12370482652095424,0.005614966801387781,0.12387206275069776,0.005428216691779523,0.12306985093687418,0.005608300662698606,0.12323012132198874,0.005999647884136272,0.12475503388117638,0.0061950588695592786,0.12492653999936254,0.005980612731676797,0.12387716779640087,0.006170037959256474,0.12403918072292626
420.0,0.020179,0.190363,0.00633632,0.129561,0.017295382800506808,0.17758707043737404,0.01746450599993239,0.1777328258648013,0.01743259191439122,0.17767405153920787,0.017598165642402058,0.1778137085522602,0.0174108598777113,0.17810195189580064,0.017585471892348787,0.1782516607472321,0.01755522933872123,0.17817822574099285,0.01772592988866459,0.17832132506310489,0.01814714139731769,0.18089942653581106,0.018330519767675656,0.18105161365571276,0.018323639548934286,0.1808800172329978,0.01850145061242389,0.18102356680639073
430.0,0.0287886,0.226526,0.0173308,0.180468,0.034817569285675365,0.24422833162411636,0.03496632293302105,0.2443475144367766,0.0350552140019546,0.24491471169113696,0.03520069898359131,0.24502848718722597,0.03482430876412812,0.24453442360801433,0.03497758253896532,0.24465670888051902,0.035077590403842146,0.24524764978971633,0.03522727674147962,0.24536409417715738,0.034994135722697634,0.24634691635506603,0.035153832439434166,0.24647112236403076,0.035326715975794475,0.24716591876430916,0.035481492024239975,0.24728270277996606
440.0,0.0403766,0.267397,0.0357501,0.249383,0.05821088132984486,0.3162057813897949,0.058333550539411964,0.31629674589744666,0.058417077508579836,0.31695033334902634,0.05853690591617038,0.31703687276544795,0.058060581558359275,0.3161135223360968,0.05818676952038188,0.31620686062092535,0.05828311247103168,0.3169002083075208,0.058406192853711646,0.31698877260781855,0.05744023528168525,0.3159759088521468,0.05757099834435084,0.3160711612999766,0.05774692231693603,0.3169538543876354,0.057873554625222284,0.31704313864437733
450.0,0.0602698,0.3232,0.0629411,0.329151,0.08703558471034742,0.386035473170807,0.08713169557773821,0.38610195143879367,0.0871141530387701,0.38647083838811613,0.08720791144308496,0.3865338959582,0.0867814067597434,0.38567027486037225,0.08688013450138495,0.38573851977061174,0.08687002352420455,0.38614080798615463,0.08696618509380276,0.3862053637764531,0.085688823132792,0.38426394128157615,0.08579074967956948,0.3843340162353215,0.08583147773316381,0.3848978852754126,0.08593008620074305,0.38496340276404156
460.0,0.090021,0.388289,0.0972131,0.406346,0.1192324633357471,0.44626880922582024,0.11930519284228311,0.4463167678514,0.11917140711067482,0.44634290683529526,0.11924224677577641,0.4463882695788161,0.11896189783374465,0.44583023770359104,0.11903651266297317,0.4458794892967405,0.1189024761767651,0.4459237644755663,0.11897503469736144,0.44597021737497733,0.11784355153681243,0.4441392649845022,0.11792037941737787,0.44419008836867896,0.1178001509802776,0.44432663057179334,0.11787438674292301,0.4443740388786636
470.0,0.126352,0.448903,0.134658,0.470015,0.15178193534716894,0.49212614562352364,0.15183611868018093,0.49216131865428564,0.15162342334828585,0.49194504633586583,0.15167610409908935,0.49197821701217365,0.15155769476697048,0.4917426819559478,0.1516132190185793,0.4917788082317345,0.15139404489015656,0.4915665570131339,0.1514479379684126,0.4916005256044415,0.15068903653082416,0.4903394194104871,0.1507461012628687,0.4903768129479048,0.1505137722728316,0.49019622462326895,0.15056882900130003,0.4902310220013388
480.0,0.165252,0.496624,0.171032,0.51562,0.1817561871630322,0.5219473325084208,0.18179669713095756,0.5219741523497553,0.18155161009528456,0.5216315852374337,0.18159091667570398,0.5216567986590032,0.18160168924938752,0.5216665688522559,0.18164316035157135,0.5216941140434229,0.1813879619072192,0.5213457170357128,0.18142812926076854,0.5213715322363655,0.1810508025467722,0.5207160915948004,0.18109337614114668,0.5207446473978589,0.18081188794089292,0.5203896967744195,0.18085289171009064,0.5204162026192396
490.0,0.199141,0.524665,0.203003,0.543043,0.20697703887303148,0.5358897695697764,0.2070079237494645,0.5359113261847686,0.20676356516877006,0.5355234775236307,0.20679346648848784,0.5355436776081044,0.20688924981740728,0.535714204026143,0.20692084153967114,0.5357363399080637,0.20666486420632968,0.5353365967004423,0.2066953920866401,0.5353572724936237,0.20660687593415253,0.535177550760429,0.2066392935933017,0.5352005133432849,0.20635401512291437,0.53477477242013,0.2063851780083398,0.5347960321567721
500.0,0.226261,0.535996,0.228555,0.553706,0.22622243446462986,0.5345731685315508,0.2262467002712696,0.5345915465622285,0.22602005246141407,0.5342042543724819,0.22604349159897802,0.5342214214311604,0.2261878952596948,0.5344889716085461,0.22621270099890442,0.5345078389882255,0.2259742030799648,0.5341051230587592,0.22599811575338521,0.53412268753926,0.2260917477059937,0.5342653127633025,0.2261172065963442,0.534284887683266,0.22585190554721013,0.5338489899956801,0.22587633147949618,0.533867069892214
510.0,0.244759,0.532799,0.246904,0.548917,0.23918755153724183,0.518326043820212,0.23920728586950843,0.5183426731520102,0.23900427446944358,0.5179791300612318,0.2390232927019889,0.5179946172764183,0.23919185333213516,0.5183168719159073,0.23921201845691045,0.5183339388021424,0.23899754373536033,0.5179529887969152,0.23901693584024608,0.5179688271764867,0.2391891999666564,0.5182712057957098,0.2392098672151523,0.5182888797520806,0.2389702066350095,0.5178708100107708,0.23898998598506244,0.5178870824424524
520.0,0.255682,0.50885,0.258248,0.529299,0.24635257070389682,0.48699197893575474,0.24636916774599485,0.4870078897634872,0.24618994321605137,0.48667939078610406,0.24620590234022907,0.4866941683538054,0.24638382943200712,0.48704335631839935,0.24640078543436394,0.48705967929377153,0.2462107205395385,0.48671276140115216,0.24622698815070643,0.4867278655775375,0.2464410448296833,0.4871312728194365,0.2464584070587859,0.48714814060082456,0.2462453312218249,0.4867627835227473,0.24626190750165405,0.48677826874022173
530.0,0.259595,0.470477,0.263505,0.494808,0.24882559943056304,0.4402003524636476,0.2488399676045754,0.44021632781963704,0.24868223860811317,0.43992877770173194,0.24869602542350394,0.43994357901649356,0.24887489802202656,0.44029959024925225,0.24888957726523683,0.44031597099026776,0.24872167926946645,0.4400097172086309,0.2487357311075723,0.44002483541106996,0.24896794433802483,0.4404840290491579,0.248982967906364,0.4405009166392308,0.24879430328396598,0.44015673863859683,0.24880861425379971,0.4401722021425402
540.0,0.258204,0.418806,0.264099,0.445171,0.2481816362663587,0.3781915186140468,0.2481943542593496,0.37820815239387784,0.24805505841046596,0.37796494172684075,0.24806723804023723,0.37798032029500106,0.24824249830181322,0.37832569978577985,0.24825549484037981,0.37834274498508985,0.24810666759974673,0.3780812505349994,0.24811908285957912,0.3780969459895274,0.2483547707527215,0.37857245652776017,0.24836807081671128,0.378589985085382,0.24820059237496583,0.37829267445631715,0.24821323522420546,0.378308689149862
550.0,0.25549,0.353276,0.261785,0.380817,0.24628989900628498,0.3034329898186375,0.24630132379176942,0.30345064656683585,0.2461773614234152,0.3032524809567768,0.24618828323652253,0.30326877572783767,0.24635769482090808,0.3035863974447253,0.24636937544268012,0.30360447891408543,0.24623645277309064,0.30338922534389656,0.24624758986562345,0.3034058422286586,0.2464779702132069,0.303859409724313,0.24648992659710767,0.30387795847117216,0.24634027153904597,0.3036305534195857,0.24635161585426724,0.3036474685355033
560.0,0.252561,0.278235,0.258492,0.304571,0.2451106978094569,0.2230308207451067,0.24512103860520662,0.22304949631438667,0.2450095917454669,0.22289164630978917,0.24501946166319358,0.22290885547393008,0.24518222422890357,0.22318362113360787,0.2451928042649263,0.2232027359665798,0.2450728906671204,0.2230297371740863,0.24508296123636555,0.22304727470762617,0.2453032027939419,0.22344362056720096,0.24531403856528522,0.2234631897882855,0.24517910205404275,0.22326302140446563,0.24518936619156811,0.2232808401953165
570.0,0.250643,0.200405,0.256144,0.22399,0.24645591296167074,0.15074106534779402,0.24646528385528924,0.15076021068366105,0.2463639843283463,0.1506292665133608,0.2463729160454462,0.15064688744072358,0.24652911986910409,0.1508722218471415,0.2465387169664477,0.15089181584132774,0.2464293670321938,0.15074801848381644,0.24643848821516715,0.15076597150465437,0.2466464172271126,0.15108317069495433,0.24665625408626007,0.15110320793019938,0.2465333942527565,0.15093768674065403,0.2465426989208208,0.15095591061180597
580.0,0.252505,0.136062,0.256449,0.153035,0.25173894370650396,0.10533149529315572,0.25174740315079885,0.10534999398088439,0.2516544383125728,0.10522537978646687,0.251662491518869,0.10524238998569647,0.2518127121704057,0.10542740283721412,0.2518213865438281,0.10544634825938125,0.25172071949062025,0.10531074847754474,0.25172895280240726,0.10532808898970844,0.25192406059965594,0.10557085784972436,0.2519329601823129,0.10559023537644288,0.25182012852528635,0.10543740398761488,0.25182853649305814,0.10545501344804747
590.0,0.259059,0.101473,0.260691,0.109882,0.26177149123993826,0.10248981052378427,0.2617790721683104,0.10250632072935405,0.26169322697431496,0.10237037289957229,0.26170043633275963,0.10238554452080373,0.26184539174760374,0.10255269686493321,0.2618531768559173,0.10256963516887968,0.2617599265338279,0.10242346111931626,0.2617673073221929,0.10243895224754843,0.26194991069033036,0.10263794899886293,0.2619579060752635,0.10265530134641264,0.26185370794536916,0.10249439618555628,0.2618612541486821,0.10251015717829028
600.0,0.270893,0.109155,0.26956,0.108786,0.27667038667652605,0.14465093309558028,0.27667711808207907,0.14466447934613197,0.2765977308931548,0.14451367620995625,0.2766041267109467,0.1445261184559002,0.276744405663639,0.14469636261385535,0.2767513302580531,0.14471029899823204,0.27666480632611307,0.14454901923065916,0.27667136483761023,0.14456175754564954,0.2768419379296408,0.1447511956989535,0.27684905645650726,0.14476551108516184,0.2767527152652227,0.1445903393728258,0.2767594285059154,0.14460333864203098
610.0,0.287342,0.158526,0.283101,0.150906,0.2959069568272415,0.21928700985060967,0.2959128767556039,0.21929734811191454,0.29583970986592273,0.21914199080269287,0.29584533050996564,0.21915148367284198,0.2959812318994888,0.21933148577500533,0.2959873334256558,0.21934216033327086,0.2959072925640428,0.2191758299891993,0.29591306671104756,0.21918558290410084,0.2960718224133802,0.21938078964320296,0.29607809980071614,0.21939178846237492,0.29598932208514617,0.2192120065232024,0.2959952384260535,0.2192219937459847
620.0,0.308468,0.237019,0.300772,0.223647,0.3184788416563469,0.3077350188958046,0.31848400225895673,0.3077425211857312,0.3184170631835791,0.3075964824283462,0.3184219599223869,0.30760337006537686,0.31855346088896763,0.3077869993762102,0.31855879087552597,0.30779477734750443,0.3184852536750903,0.3076376829022141,0.31849029417742347,0.30764478738893203,0.318637046164356,0.307841249539782,0.31864253248432534,0.307849286045021,0.31856131137726185,0.30767970042919357,0.3185664798313927,0.30768699878119204
630.0,0.332539,0.326563,0.321611,0.30926,0.3431420706989119,0.3948011553369161,0.34314653721012917,0.39480645627572225,0.34308590351247664,0.3946789757407618,0.3430901395917016,0.3946838420871373,0.3432169681049792,0.3948612529558068,0.34322159137507746,0.39486677175257723,0.34315465941714396,0.39472872672718423,0.3431590290994382,0.3947337668693465,0.34329327799941095,0.39491966563357234,0.3432980372659706,0.394925378754167,0.3432244537971941,0.3947764358399801,0.3432289360051298,0.39478162570062814
640.0,0.357324,0.412299,0.344451,0.393509,0.36863233568635784,0.47215513755452204,0.3686361819113051,0.47215885717399153,0.36858187173382645,0.47205302396837046,0.3685855181539404,0.47205643876767683,0.36870727718968394,0.4722203183812978,0.36871126746999094,0.47222420663827824,0.36865098550163655,0.47210870443253017,0.3686547551982718,0.47211225526707495,0.36877588615769774,0.47227814767335147,0.3687799920774712,0.4722821758514827,0.3687140642752622,0.47215769039785543,0.36871793058309943,0.4721613511938815
650.0,0.383699,0.48812,0.368111,0.468566,0.3938265642830943,0.5369788692404489,0.3938298670388835,0.5369814977260503,0.3937817715387165,0.5368962896529816,0.39378490185020276,0.5368987030467753,0.3939011922926235,0.5370456671057455,0.39390462667498055,0.5370484252584853,0.39385090836810793,0.53695461680258,0.3938541517563052,0.5369571357127682,0.3939616345509702,0.5370986238387534,0.3939651649317438,0.5371014798278029,0.39390676605758995,0.537000599964258,0.3939100903396245,0.5370031969155559
660.0,0.409865,0.552322,0.391544,0.531716,0.41782939967127763,0.5895090256708605,0.41783223386201945,0.5895109127397734,0.41779010411235346,0.5894434874812917,0.417792789814033,0.5894452204990397,0.41790329927868325,0.58957483725373,0.4179062532455193,0.5895768243967655,0.4178588641526639,0.589501873119415,0.4178616531227869,0.5895036881395056,0.4179551797103915,0.5896203590639009,0.4179582113153424,0.589622413192304,0.4179070509879665,0.5895421085543489,0.41790990588714033,0.5895439776336141
670.0,0.433782,0.60274,0.413907,0.583102,0.4399951796139136,0.6312280734446369,0.4399976147249147,0.6312294566039565,0.4399610838651405,0.6311765868537208,0.43996339114257016,0.6311778574690674,0.4400679394212979,0.631291323429632,0.4400704832554334,0.6312927846497289,0.440029061643754,0.6312333795476595,0.44003146297361906,0.631234714488925,0.44011100583600293,0.6313283735656657,0.4401136105821618,0.6313298797870335,0.44006925787941487,0.6312665745692312,0.440071711302658,0.631267946179962
680.0,0.452816,0.642836,0.434584,0.624065,0.4599074928491086,0.6638951576620226,0.45990959096095396,0.6638961950786388,0.45987821190277145,0.6638549316400288,0.4598801997974536,0.6638558849910445,0.4599787475714873,0.6639550682418923,0.4599809442796776,0.6639561674558248,0.4599450394159825,0.6639092408161911,0.4599471128657156,0.6639102453310464,0.4600129187963294,0.6639835917685689,0.46001516148228694,0.6639847204946476,0.45997708754313493,0.6639350812580458,0.45997920058137565,0.6639361100276193
690.0,0.476494,0.675999,0.453168,0.656232,0.4773380410717079,0.689130172057108,0.47733985612424346,0.689130968790639,0.47731314060173946,0.6890988556584122,0.47731486035370957,0.6890995881433016,0.4774074940501584,0.689186485552552,0.4774093985480529,0.6891873320471635,0.4773785113638257,0.6891503048693558,0.47738030895068684,0.6891510787187342,0.4774328539853886,0.6892069475343953,0.4774347913240433,0.6892078126280626,0.4774024147139788,0.6891690247072125,0.4774042407753267,0.6891698139708409
700.0,0.494765,0.699263,0.469428,0.681126,0.4922006197515359,0.7082815022233194,0.49220219767071866,0.7082821285624689,0.4921796489560016,0.7082572110975811,0.4921811441536504,0.7082577872089088,0.4922680492906218,0.7083342650828335,0.49226970846961454,0.7083349322149846,0.492243326236869,0.7083057365076285,0.49224489233185864,0.7083063466480688,0.49228482126213163,0.7083473495412825,0.49228650184544454,0.708348027523031,0.49225922731693084,0.7083178261921714,0.49226081212384454,0.7083184454117296
710.0,0.508727,0.71979,0.483263,0.700024,0.5045092405278,0.7224169524837522,0.5045106198593391,0.7224174560543495,0.5044917564988682,0.7223982130019899,0.5044930637002965,0.7223986764394208,0.5045744956458781,0.7224663715176473,0.5045759489664193,0.7224669091360036,0.5045535709022364,0.7224439250332253,0.5045549428144127,0.7224444169623667,0.5045886114282572,0.7224770178052164,0.5045900820594796,0.7224775634453223,0.5045670040429253,0.722453826052715,0.5045683911493846,0.7224543247272364
720.0,0.522046,0.736335,0.49467,0.713947,0.5143442346269466,0.7323588744475457,0.5143454474077589,0.732359288025823,0.5143298183013713,0.7323445471516581,0.514330967874398,0.7323449279915085,0.5144072252003975,0.7324052287797017,0.5144085055398478,0.7324056712786078,0.5143896594465442,0.7323876433285715,0.5143908682402917,0.7323880484389617,0.5144188022518587,0.7324137021040513,0.514420096375706,0.732414150527255,0.5144007188384417,0.7323955727121569,0.5144019397817352,0.7323959828290119
730.0,0.529396,0.742077,0.503708,0.723683,0.5218269531222242,0.7387290549219272,0.5218280258131411,0.7387294014488215,0.5218152182754144,0.7387182620748644,0.5218162352907576,0.7387185813706497,0.5218876380226583,0.7387726450990644,0.5218887725970107,0.7387730166076245,0.5218730241135607,0.738758975038285,0.5218740954901206,0.738759315354368,0.5218968108930557,0.7387791865461482,0.5218979562155769,0.738779562395408,0.5218818227112045,0.7387651353434755,0.5218829036040543,0.7387654793475901
740.0,0.541423,0.752434,0.510482,0.729832,0.5271020868309136,0.7419903165956474,0.5271030412082465,0.7419906124079724,0.5270926839471403,0.7419823816297719,0.5270935890292198,0.7419826543764921,0.5271604622694193,0.742031436739637,0.5271614735225398,0.7420317544766892,0.5271484299429168,0.7420209494932942,0.5271493850873542,0.7420212407335919,0.5271673748671644,0.7420362574806098,0.5271683942510481,0.7420365783391732,0.5271550919477185,0.7420255211224538,0.5271560543289663,0.7420258150316987
750.0,0.544899,0.757203,0.51512,0.732843,0.5303260616618187,0.7424810388694433,0.5303269156173205,0.7424812958017555,0.5303186783604423,0.7424754385261453,0.530319488449099,0.7424756755884409,0.5303821508967257,0.7425199624944219,0.5303830573034372,0.7425202389572231,0.5303723677501048,0.7425120888010192,0.5303732240942503,0.742512342375575,0.5303869507349719,0.7425232435204095,0.5303878630107056,0.7425235221460101,0.530377022910548,0.742515228100627,0.530377884513946,0.7425154835396829
760.0,0.551005,0.757118,0.517764,0.733043,0.5316599447360161,0.7404425076306433,0.5316607129670649,0.7404427343993084,0.5316543040897501,0.7404388351312191,0.5316550330964425,0.7404390445130177,0.531713789593363,0.7404794812726736,0.5317146063558194,0.7404797256817498,0.531705959729888,0.7404737766215296,0.5317067316127347,0.7404740009504027,0.5317166237838267,0.7404813757658171,0.5317174444547352,0.740481621566429,0.5317087392853296,0.7404756169117939,0.5317095147066067,0.7404758424555519
770.0,0.553225,0.751926,0.518563,0.730665,0.5312655110605555,0.7360402340386025,0.5312662056510583,0.736040437165653,0.5312613687739293,0.7360381710704015,0.5312620281334229,0.7360383587623958,0.5313171653119859,0.7360754751835865,0.5313179049482294,0.7360756944492842,0.531311026685802,0.7360715903073612,0.5313117259109319,0.7360717917025992,0.5313181779624677,0.7360761119759092,0.5313189198016783,0.7360763319974097,0.5313120606539756,0.7360722442705175,0.5313127619149498,0.7360724463431616
780.0,0.553494,0.749374,0.517672,0.725869,0.5293033895929052,0.7293806368376512,0.5293040204944544,0.7293808212760364,0.5293005306986106,0.7293799322994542,0.5293011298255559,0.7293801028526603,0.5293529140196201,0.7294143340844834,0.5293535868528206,0.7294145334623735,0.5293482351871832,0.729411992457447,0.52934887148567,0.7294121757211093,0.5293522446811064,0.7294138214170112,0.5293529182284904,0.7294140210131381,0.529347650672307,0.7294115550545885,0.5293482876900395,0.72941173853947
790.0,0.555997,0.74645,0.515244,0.718758,0.525932493043632,0.7205244086250833,0.5259330684700293,0.7205245781874653,0.5259307285356369,0.7205248624406742,0.5259312751986965,0.7205250193597752,0.5259799519246945,0.7205567229002421,0.5259805664855685,0.7205569064413464,0.5259765286610695,0.7205557035251471,0.5259771100719406,0.7205558723600944,0.5259777347745629,0.7205551521131126,0.5259783487459527,0.7205553354058453,0.5259744488893443,0.7205542550287188,0.5259750298621986,0.7205544236874458
800.0,0.551364,0.740082,0.511433,0.709388,0.5213101195677036,0.7094976798125668,0.5213106463169416,0.7094978374690464,0.5213092832176259,0.7094991304958108,0.5213097838446582,0.7094992765122556,0.5213555783283628,0.7095287459912675,0.5213561416845491,0.7095289168551102,0.5213532303836688,0.7095288701213291,0.5213537635651204,0.7095290274168294,0.5213519418340282,0.7095261949968766,0.5213525034564416,0.7095263651966803,0.5213497742227745,0.7095264790775659,0.5213503059464988,0.7095266358415114
810.0,0.547214,0.726413,0.506396,0.697785,0.5155923000783109,0.6963019406735275,0.5155927837946346,0.696302088760457,0.5155922455665451,0.696304255649887,0.5155927054929005,0.696304392913408,0.5156358238335571,0.6963318692651095,0.5156363418584143,0.6963320299395331,0.5156343919821653,0.6963329900294299,0.51563488246542,0.6963331380616701,0.5156308906998499,0.696328405766408,0.5156314059852187,0.696328565397245,0.5156296737545453,0.6963297160828308,0.5156301618802687,0.6963298632579218
820.0,0.541924,0.720027,0.500286,0.683949,0.5089341018284881,0.6809235126642016,0.508934547215632,0.6809236530317159,0.508934700247217,0.68092658061249,0.5089351239177204,0.6809267108263775,0.508975754591768,0.6809523914126745,0.5089762321836402,0.6809525438692771,0.5089750980460639,0.6809543855758544,0.5089755504423771,0.6809545261496829,0.5089696418497908,0.6809480758770465,0.5089701158183182,0.6809482269356643,0.5089692274963117,0.6809502821434918,0.5089696767410085,0.6809504215551339
830.0,0.531614,0.700246,0.493259,0.667867,0.5014896476470783,0.6633432557838612,0.5014900586422483,0.6633433899005529,0.5014907853779893,0.6633469804562165,0.5014911765117152,0.6633471049732466,0.5015294920188524,0.6633711511617697,0.5015299332804046,0.6633712969662489,0.501529486219376,0.6633739124467142,0.5015299043893073,0.6633740469962043,0.5015223111585856,0.6633660395713247,0.5015227480214197,0.6633661836405524,0.5015225685381196,0.6633690292471547,0.5015229828567165,0.6633691623432452
840.0,0.520538,0.679345,0.485471,0.649525,0.4934117691276017,0.643547091784879,0.49341214904364183,0.643547220811957,0.4934133460738756,0.6435513869249596,0.49341370779878463,0.6435515068152865,0.4934498662962707,0.6435740504251147,0.49345027468136654,0.6435741908154541,0.49345040106404525,0.6435774839960813,0.49345078825607863,0.6435776136557115,0.4934417233835543,0.643568196813877,0.49344212669234483,0.6435683351431768,0.4934425369075151,0.6435718694325585,0.49344291963379755,0.6435719973566387
850.0,0.515044,0.661398,0.477077,0.628915,0.48485118179488423,0.62153779058347,0.48485153343697696,0.6215379154270291,0.48485310992417563,0.6215425756843619,0.4848534448876427,0.6215426917832866,0.4848875917296635,0.6215638407618567,0.4848879701642053,0.6215639767034237,0.48488856973998257,0.6215678585905293,0.4848889287045746,0.6215679842452507,0.4848785874755898,0.6215572995221521,0.48487896024543103,0.6215574330847063,0.4848798552112485,0.621561561964002,0.484880209173711,0.6215616856069931
860.0,0.504493,0.636657,0.468228,0.606048,0.4759551898627516,0.5973482398546915,0.475955515624175,0.5973483612020909,0.4759573920145531,0.5973534366088351,0.4759577024740755,0.5973535495499497,0.4759899715797128,0.5973733931558226,0.47599032256100055,0.5973735253796967,0.47599130711247295,0.5973779101105873,0.4759916401958405,0.5973780324305413,0.4759802013577784,0.5973662210626285,0.4759805461681807,0.5973663505954321,0.4759818336972137,0.5973709836072301,0.47598216131423077,0.5973711036436393
870.0,0.492217,0.606878,0.459075,0.580974,0.46686596793058305,0.5710562861299339,0.46686626987164265,0.5710564044749432,0.4668683768328617,0.5710618155133933,0.4668686647308512,0.5710619257513784,0.46689917976869394,0.5710805394738396,0.4668995054474936,0.5710806685032991,0.46690079767898546,0.5710854700672052,0.46690110690059256,0.5710855895315934,0.46688873358584704,0.5710727973289065,0.46688905266399655,0.571072923360883,0.46689065213993886,0.5710779704192798,0.46689095549827503,0.5710780873324537
880.0,0.481938,0.574005,0.449761,0.553789,0.4577184757233055,0.5428006929947575,0.45771875563614867,0.542800808655021,0.4577210331682695,0.5428064730152974,0.45772130019349067,0.5428065808416407,0.4577501755599011,0.5428240311815771,0.4577504778079557,0.5428241573505125,0.4577520104177058,0.5428292870057871,0.45775229753402863,0.5428294039193395,0.4577391380048994,0.5428157849418487,0.4577394332940114,0.5428159078138073,0.45774127466938386,0.5428212766864471,0.45774155558868035,0.5428213907863577
890.0,0.473761,0.554261,0.440424,0.524658,0.44863813513211037,0.5127973618822091,0.44863839459387084,0.5127974750121954,0.4486407912629503,0.5128033060921997,0.4486410389009194,0.5128034116467615,0.44866838050733293,0.5128197607967315,0.4486686609728087,0.5128198842633601,0.4486703758557122,0.5128252487562605,0.44867064241263277,0.5128253632614027,0.44865683070144774,0.5128110820176106,0.4486571039167681,0.5128112018974224,0.4486591268433878,0.5128167965319766,0.4486593869290279,0.5128169079686458
900.0,0.462837,0.519644,0.431189,0.493827,0.4397384059494187,0.48135434161804896,0.4397386463654747,0.48135445222029916,0.43974111861677245,0.4813603585447785,0.43974134819080113,0.4813604618258122,0.4397672540782067,0.48137577215713406,0.4397675142308862,0.48137589291601346,0.43976936176629217,0.4813813936666516,0.43976960914182506,0.48138150575413874,0.4397552656567445,0.48136673757761167,0.4397555183310718,0.48136685447357025,0.43975767137727206,0.4813725743219092,0.43975791206338133,0.4813726830972064
910.0,0.451185,0.485833,0.42217,0.461642,0.4311183964066109,0.44888336920585353,0.4311186190454538,0.44888347714318205,0.4311211305612293,0.4488893628698482,0.431121343265525,0.44888946374495575,0.43114590407608416,0.44890380187475715,0.4311461452438324,0.44890391976992966,0.43114808363073165,0.44890945321630676,0.43114831306951845,0.4489095627369487,0.43113354522561764,0.44889449200703785,0.4311337787459273,0.44889460578216345,0.4311360186630173,0.44890034629349623,0.43113624124708066,0.4489004522738761
920.0,0.446587,0.45296,0.413465,0.428555,0.42286068340995975,0.415905301200772,0.42286088943085326,0.4159054062117393,0.42286341050794557,0.4159111728579212,0.42286360743387874,0.4159112710781157,0.42288690676973034,0.41592471115430124,0.422887130167437,0.4159248258960329,0.4228891247800265,0.415930285157055,0.4228893374207275,0.415930391836835,0.4228742403415271,0.41591520783537944,0.4228744559779533,0.41591531822503147,0.4228767469895136,0.4159209726411106,0.4228769526597835,0.4159210755735039
930.0,0.429692,0.410513,0.405155,0.395129,0.4150294344504035,0.3830463012418235,0.4150296249249406,0.3830464029613677,0.4150321318547944,0.3830519523832464,0.4150323140113778,0.3830520476019078,0.4150544287182552,0.3830646733602415,0.41505463547039234,0.3830647845473522,0.4150566582146061,0.38307006246275493,0.4150568551112573,0.3830701659232162,0.41504151242879217,0.38305505637516435,0.4150417113571516,0.3830551630098436,0.4150440244528164,0.3830606254859268,0.41504421430962074,0.38306072501856253
940.0,0.419213,0.372051,0.3973,0.362032,0.40766897348933934,0.351022269517558,0.40766914941782245,0.35102236750379406,0.40767162386218414,0.3510276059912191,0.4076717921916345,0.35102769778891013,0.40769279259792585,0.3510396029301157,0.40769298375567325,0.35103971007894935,0.40769501241864586,0.3510447035059857,0.4076951945568772,0.35104480329089144,0.4076796793198219,0.3510299460183586,0.4076798626386729,0.35103004845264035,0.4076821748655173,0.35103521834783746,0.40768234993739766,0.3510353140569063
950.0,0.40575,0.335578,0.38994,0.330014,0.400802824126582,0.3206098647641956,0.4008029864500161,0.3206099585312209,0.40080541481187354,0.3206148016597107,0.4008055702010002,0.32061488957472983,0.40082552033458607,0.3206261761351738,0.40082569688834063,0.32062627871500465,0.40082771447976195,0.32063089372198234,0.4008278827886402,0.32063098933008893,0.40081225847615226,0.3206165428991581,0.40081242721924043,0.3206166406464783,0.4008147209708021,0.32062142759339907,0.4008148822262788,0.3206215190153328
960.0,0.40191,0.307612,0.383093,0.299877,0.39443327406753503,0.29260473132492953,0.39443342367611867,0.2926048203801763,0.39443579647119165,0.29260919804120866,0.3944359397594501,0.2926092816045371,0.39445489756929714,0.2926200562735131,0.39445506045749096,0.29262015374680206,0.394457054547853,0.292624311097219,0.39445720990822264,0.29262440201971224,0.3944415315284982,0.2926104966494386,0.3944416866735368,0.2926105892211281,0.39444394898251683,0.29261491835442305,0.39444409733837327,0.29261500502232013
970.0,0.388605,0.273204,0.376755,0.272427,0.3885414325962381,0.2677699724047122,0.3885415703349563,0.2677700562879442,0.38854388157351377,0.26777391716196175,0.3885440135582934,0.2677739959338931,0.38856203114457877,0.2677843646421081,0.38856218125943304,0.26778445650648697,0.38856414332563666,0.26778809664376946,0.38856428657554754,0.26778818240346847,0.3885486018272305,0.2677749126167377,0.38854874430166597,0.26777499956224726,0.38855096614722856,0.26777881612626875,0.38855110247392693,0.26777889760762014
980.0,0.379841,0.248539,0.370898,0.24842,0.3830877290002236,0.24678067463597317,0.3830878556723032,0.2467807529561996,0.3830901022615746,0.24678406767614824,0.3830902237014437,0.2467841412811059,0.38310734756766684,0.2467942028002666,0.3831074857586842,0.24679428862826425,0.383109410547823,0.24679737533298363,0.38310954248580387,0.24679745552159313,0.3830938929489539,0.24678487589136014,0.3830940236335259,0.2467849568358321,0.3830961992743882,0.24678822938213818,0.38309632439938135,0.24678830531425086
990.0,0.366286,0.224337,0.365475,0.228504,0.3780127788397396,0.230172070200133,0.37801289520847225,0.23017214266636335,0.3780150763869233,0.2301749050795839,0.3780151880033114,0.23017497323527558,0.37803145932371873,0.23018481281415928,0.37803158639944406,0.2301848922863131,0.37803347132325726,0.23018741433202375,0.3780335927099368,0.23018748864134775,0.3780180150399486,0.2301756135153444,0.37801813477058327,0.2301756881903892,0.37802026111613496,0.2301784097536426,0.37802037582558445,0.23017847987285261
1000.0,0.365138,0.212432,0.360417,0.213174,0.3732385122998567,0.21829918260342251,0.37323861908930817,0.21829924904585055,0.3732407359017379,0.21830147530328894,0.3732408383795487,0.21830153784095824,0.37325629327751497,0.21831122197979208,0.3732564100061134,0.21831129490750412,0.373258254576144,0.21831326537571305,0.37325836613473967,0.21831333361938904,0.37324289323375137,0.21830214095780112,0.3732430028023353,0.21830220922208832,0.3732450788313466,0.2183043962082519,0.37324518387076744,0.21830446036969686
1010.0,0.35706,0.200777,0.355635,0.202728,0.3686694864180771,0.2113142280642531,0.3686695843131275,0.21131428844384298,0.368671639133158,0.2113160140496796,0.368671733120738,0.21131607092349997,0.3686864029524323,0.21132564418525682,0.3686865100615578,0.2113257105212275,0.3686883153725449,0.21132716387146672,0.3686884177886701,0.21132722599514225,0.3686735669010224,0.2113169938357215,0.36867366731663775,0.21131705585226473,0.3686756864585912,0.21131873706623067,0.3686757827720495,0.21131879540137022
1020.0,0.351395,0.195993,0.351023,0.197258,0.3641942593620967,0.20916475657167435,0.36419434900812486,0.20916481097788214,0.36419634511133414,0.20916608630057792,0.36419643122009715,0.20916613758588606,0.3642103428526037,0.20917562191144357,0.3642104410288904,0.2091756817473869,0.3642122092945367,0.20917666914670285,0.3642123032156432,0.20917672522632053,0.3641980556397427,0.20916735112792367,0.3641981475678275,0.20916740699311154,0.3642001127136546,0.20916863344144404,0.3642002009305286,0.20916868603132732
1030.0,0.343112,0.193933,0.346459,0.196648,0.3596868167526254,0.21161176553867145,0.35968689875511367,0.21161181417682412,0.35968883994334344,0.21161269915911435,0.3596889187473157,0.2116127450408682,0.35970209482543897,0.21162214151150904,0.35970218471391313,0.21162219506475946,0.3597039188560909,0.2116227787552931,0.35970400489083026,0.21162282898493745,0.35969034365790864,0.21161420608648074,0.35969042772275844,0.21161425601516445,0.3596923423416882,0.2116150886014477,0.3596924230528857,0.21161513563907264
1040.0,0.332926,0.196759,0.341804,0.200604,0.35500797753738406,0.21826346791979984,0.35500805246162115,0.21826351109091427,0.35500994273550623,0.2182640699365404,0.3550100147709638,0.21826411069058585,0.3550224739670718,0.21827340322318295,0.3550225561706746,0.21827345081514887,0.3550242594594011,0.21827369836294858,0.3550243381770895,0.2182737430349812,0.35501124857084443,0.21826576760934294,0.35501132535531577,0.21826581191405192,0.35501319315604485,0.21826631598456414,0.35501326691363494,0.21826635775562292
1050.0,0.327089,0.203614,0.336909,0.208685,0.3500068346299092,0.22861837008068325,0.3500069030009394,0.22861840815712275,0.35000874627576756,0.22861870464643377,0.3500088120411088,0.22861874061676055,0.35002056928927777,0.22862790080163434,0.3500206443686595,0.2286279428317183,0.35002232010783146,0.22862792198075307,0.35002239203817165,0.228627961461603,0.3500098620448552,0.22862053851635653,0.35000993209032516,0.22862057758229729,0.3500117567270473,0.22862081811128862,0.3500118240441373,0.22862085497084977
1060.0,0.318575,0.21241,0.331611,0.220357,0.344522304719592,0.24211085889362813,0.3445223670225017,0.2421108922938669,0.34452416688057297,0.2421109861435788,0.3445242268365159,0.24211101771864277,0.34453529355734264,0.2421200099607756,0.3445353620310308,0.24212004687925662,0.34453701328269337,0.24211982148759134,0.34453707891585317,0.24211985619247053,0.34452509961163047,0.2421129028857331,0.34452516341830813,0.242112937144914,0.34452694823459,0.24211297498841355,0.34452700958553956,0.24211300733668195
1070.0,0.308408,0.224151,0.325738,0.235032,0.33838494784454387,0.2581535265070093,0.3383850045251165,0.25815355567212506,0.3383867639972298,0.25815350009709737,0.33838681856736397,0.258153527687688,0.3383972028927083,0.2581623139441299,0.33839726523768376,0.25816234622682105,0.3383988945768894,0.25816197348451964,0.33839895436397177,0.2581620038537081,0.3383875202455098,0.2581554508990217,0.33838757827312754,0.25815548080617734,0.33838932607604855,0.25815537018882145,0.3383893818970506,0.2581553984485019
1080.0,0.298079,0.239554,0.319111,0.252111,0.33141929421120014,0.27617226564983666,0.33141934567701103,0.27617229102350205,0.3314210670455245,0.276172131442274,0.3314211166172893,0.27617215546261253,0.3314308236386189,0.2761806991122325,0.33143088029138185,0.27618072723882847,0.33143248958312665,0.27618025612817454,0.33143254393711097,0.2761802826066883,0.33142165319049416,0.2761740740913514,0.3314217058594534,0.27617410010347,0.33142341871621717,0.27617388728033454,0.3314234694063176,0.276173911877315
1090.0,0.288865,0.25451,0.311547,0.27102,0.32344704612555797,0.2956323335003393,0.32344709274751665,0.29563235551314776,0.32344877736490213,0.2956321292004568,0.32344882229099864,0.295632150053334,0.32345785435733265,0.29564041868746954,0.3234579057154696,0.29564044312450455,0.3234594959066905,0.2956399139253935,0.3234595452038571,0.2956399369469201,0.32344919990199505,0.29563402908388053,0.32344924759497146,0.2956340516441823,0.3234509266456891,0.29563377453663114,0.32345097256825245,0.2956337958848067
1100.0,0.27686,0.270597,0.302866,0.29123,0.3142915975746962,0.3160551776927044,0.3142916396890809,0.3160551967509531,0.3142932878081705,0.31605493318069966,0.3142933284084523,0.31605495124678806,0.3143016855126104,0.316062918383265,0.3143017319369147,0.3160629395718361,0.3143033028587035,0.316062384142327,0.31430334744059385,0.31606240411759634,0.3142935536441481,0.3160567634203923,0.31429359670820134,0.3160567829468785,0.31429524199088055,0.3160564714893768,0.31429528347554603,0.31605648997974656
1110.0,0.265538,0.290814,0.292894,0.312275,0.3037844456558005,0.33702713341848595,0.30378448356682847,0.3370271498970206,0.3037860941830745,0.33702687152101535,0.3037861307469604,0.33702688715200024,0.30379381104652214,0.3370345330150258,0.3037938528637175,0.33703455136288113,0.3037954030431847,0.33703399392039424,0.30379544321914637,0.33703401122962706,0.30378621094079483,0.3370286125007665,0.3037862496900259,0.3370286293789293,0.3037878599779727,0.3370283063152218,0.3037878973231435,0.33702832230889274
1120.0,0.252576,0.306634,0.281473,0.333754,0.29177417203721956,0.3582016604918952,0.2917742060202025,0.3582016747303433,0.2917757767320539,0.35820139797774203,0.29177580952151166,0.35820141149264834,0.29178281004767204,0.35820872306871415,0.2917828475537966,0.3582087389459991,0.291784374041177,0.35820819711321233,0.29178441009155015,0.3582082121019983,0.2917757530651012,0.35820303650272367,0.29177578778390556,0.358203051081726,0.2917773604416613,0.3582027329891323,0.2917773939175756,0.35820274681359104
1130.0,0.239298,0.327086,0.268476,0.355337,0.2781386825474557,0.37929690834902663,0.27813871285259617,0.3792969206506532,0.2781402397538773,0.37929665698723186,0.2781402690070335,0.37929666867123274,0.2781465866172438,0.37930363926351834,0.2781466200817549,0.37930365300136815,0.2781481183067794,0.37930313893744744,0.2781481504867845,0.3793031519153008,0.2781400856632257,0.37929818527161874,0.2781401166101972,0.3792981978631574,0.27814164748204384,0.3792978962393552,0.2781416773344815,0.3792979081872765
1140.0,0.223141,0.344606,0.25382,0.376755,0.26280127321471697,0.4000903772862033,0.2628013000715784,0.40009038791864815,0.2628027776995563,0.40009014485940675,0.2628028036349654,0.40009015496442013,0.2628084362568339,0.4000967834443902,0.26280846592746965,0.4000967953355785,0.26280992960997424,0.400096316831709,0.26280995815433744,0.40009632807256557,0.2628025048320141,0.4000915594840948,0.26280253224452954,0.4000915703631875,0.2628040155996002,0.4000912926656931,0.26280404205425534,0.4000913029955744
1150.0,0.206636,0.363907,0.237487,0.397801,0.2457508077829134,0.42041192358219437,0.24575083140556067,0.4204119327794595,0.24575225277881527,0.42041171479321826,0.24575227560038643,0.4204117235396971,0.24575722379447,0.4204180134559179,0.2457572499028587,0.4204180237568831,0.24575867105448454,0.42041758522441786,0.24575869618279392,0.4204175949684409,0.2457518746720459,0.4204130157260492,0.24575189877152362,0.42041302513309853,0.2457533273401702,0.42041277570810903,0.2457533506076861,0.4204127846461242
1160.0,0.18989,0.380263,0.21955,0.418316,0.22706554648702335,0.4401362193682418,0.22706556707971165,0.4401362273334108,0.2270669238692115,0.44013603661279793,0.22706694377167616,0.4401360441922259,0.2270712125914311,0.44014200284953897,0.22707123535930954,0.4401420117832293,0.22707260442452348,0.4401416151014408,0.22707262634718361,0.4401416235576108,0.22706645608962384,0.4401372263416498,0.22706647708732958,0.44013723448525394,0.22706784223289528,0.4401370153583063,0.2270678625144387,0.44013702310087854
1170.0,0.172627,0.398227,0.200198,0.438187,0.20693901287843824,0.4591753187858423,0.2069390306416058,0.45917532569415476,0.2069403135217445,0.4591751627861996,0.20694033069642925,0.45917516936393554,0.20694393175472187,0.4591808069500146,0.2069439514004833,0.4591808147091426,0.20694525759046348,0.45918045992420403,0.20694527651498107,0.4591804672733076,0.20693977362674726,0.4591762455869465,0.20693979172989338,0.4591762526470701,0.20694108380348894,0.4591760641704578,0.20694110129662077,0.4591760708871868
1180.0,0.155724,0.415714,0.17976,0.457335,0.18570466118984616,0.477471763522863,0.18570467632595014,0.47747176952486947,0.18570587554362517,0.47747163383148733,0.185705890184085,0.47747163954969757,0.1857088437342983,0.4774769683512428,0.1857088604793547,0.4774769751016488,0.18571009234519836,0.4774766609847896,0.1857101084823024,0.47747666738252403,0.1857052827931257,0.4774726151721588,0.18570529821079348,0.47747262130338347,0.18570650712790523,0.4774724626698079,0.18570652203229288,0.4774724685064848
1190.0,0.138961,0.429888,0.158725,0.47571,0.1638540931657872,0.49499245301894335,0.1638541058843348,0.4949924582435657,0.1638552120578209,0.49499234840826767,0.16385522436470462,0.49499235338877934,0.16385756109476188,0.49499738711852176,0.16385757516899865,0.4949973930024538,0.1638587214344467,0.49499711748362163,0.16385873500334644,0.4949971230636331,0.16385458681202905,0.4949932344793393,0.16385459976025443,0.49499323981401444,0.16385571581130584,0.49499310945321284,0.16385572833363843,0.49499311453475253
1200.0,0.122193,0.442599,0.137744,0.493287,0.14204186207926195,0.5117233598521322,0.14204187260022236,0.5117233644095199,0.1420428777087441,0.511723278608453,0.14204288789310168,0.5117232829554232,0.14204465004110503,0.5117280361937422,0.14204466168652896,0.5117280413329295,0.14204571230677285,0.5117278018288993,0.14204572353868336,0.5117278067056358,0.14204224049182373,0.5117240759636489,0.14204225119702157,0.5117240806148312,0.1420432660523502,0.5117239764918031,0.14204327640965608,0.5117239809249864
1210.0,0.108014,0.463395,0.117614,0.510055,0.12106928603115794,0.5276650899723141,0.12106929458594355,0.5276650939564382,0.12107019304259656,0.5276650301122693,0.12107020132683864,0.5276650339146138,0.12107144270781807,0.527669521659597,0.1210714521795081,0.5276695261580509,0.12107239951821758,0.5276693198147505,0.12107240865728994,0.5276693240860677,0.12106956332528368,0.5276657454016624,0.1210695720251923,0.5276657494657846,0.12107047982555062,0.5276656692996523,0.12107048824612109,0.5276656731756201
1220.0,0.0957314,0.479335,0.0992355,0.52602,0.10184143628930076,0.5428292188476252,0.1018414431187495,0.542829222338591,0.10184223274884119,0.5428291782732092,0.10184223936479447,0.5428291816067703,0.10184302400421048,0.5428334189229653,0.10184303156795672,0.5428334228694832,0.10184387150465583,0.542833246735836,0.1018438788057114,0.54283325048533,0.10184162759934107,0.5428298180517772,0.10184163454092035,0.5428298216110262,0.10184243289282675,0.5428297630309729,0.10184243961419107,0.5428297664274523
1230.0,0.0848608,0.489666,0.0835367,0.541198,0.0852962824260732,0.5572353270979333,0.08529628777535908,0.557235330164009,0.0852969704806227,0.5572353037046475,0.0852969756646044,0.5572353066340987,0.08529737498033287,0.557239308385171,0.08529738090689984,0.5572393118555399,0.08529811363519285,0.5572391630048239,0.0852981193581926,0.5572391663038873,0.08529640331982373,0.5572358742997912,0.08529640875404511,0.557235877424195,0.08529709940694531,0.5572358380775146,0.08529710467083058,0.5572358410607752
1240.0,0.078362,0.502454,0.0713816,0.55561,0.07231256971159203,0.5709086331403865,0.07231257382268502,0.5709086358397656,0.07231315573241857,0.5709086248894109,0.07231315971792564,0.5709086274699133,0.07231324854485133,0.570912408122527,0.07231325310156445,0.5709124111814414,0.07231388339272325,0.5709122867921762,0.07231388779463988,0.5709122897017886,0.07231263546462481,0.5709091323146591,0.07231263963879535,0.5709091350638985,0.07231322864179944,0.5709091126873459,0.07231323268669071,0.570909115313899
1250.0,0.0750035,0.521719,0.0634711,0.569284,0.06361118925206984,0.5838781268614353,0.06361119235501582,0.5838781292437535,0.06361168336404013,0.5838781318256411,0.06361168637328068,0.5838781341042701,0.063611538459494,0.5838817075894722,0.0636115419005576,0.5838817102921888,0.06361207870718309,0.5838816076994503,0.06361208203263138,0.5838816102717264,0.06361121410081855,0.5838785817286871,0.0636112172497361,0.5838785841536548,0.06361171448598256,0.5838785766181881,0.0636117175385353,0.5838785789362522
1260.0,0.0756748,0.539025,0.0602594,0.58225,0.05967003495899493,0.5961751226180766,0.05967003726364465,0.5961751247257099,0.05967045001207462,0.5961751390086216,0.059670452247920266,0.5961751410255888,0.05967013602988578,0.5961785206466939,0.05967013858722666,0.5961785230404502,0.05967059402739884,0.5961784397651566,0.059670596499756444,0.5961784420446731,0.05967003146601773,0.5961755366451661,0.059670033803610925,0.5961755387893006,0.059670451957767504,0.5961755441251352,0.05967045422467455,0.5961755461758899
1270.0,0.0786638,0.54642,0.0619038,0.594541,0.060671490731468644,0.6078321489608496,0.06067149242116865,0.6078321508300185,0.060671840925538595,0.6078321751402997,0.060671842565367416,0.6078321769299938,0.060671417951633305,0.6078353753063678,0.060671419827928404,0.6078353774315923,0.06067180776159076,0.6078353111944301,0.060671809576215326,0.6078353132193595,0.06067146936892123,0.6078325253661229,0.060671471081903426,0.6078325272665445,0.060671824253231275,0.6078325436746065,0.06067182591502918,0.6078325454932608
1280.0,0.0856193,0.559048,0.0682607,0.606191,0.06649397300143697,0.6188821140673446,0.06649397422963528,0.6188821157290524,0.06649427246210769,0.6188821485532602,0.06649427365446732,0.6188821501451314,0.0664937902398844,0.6188851791839012,0.06649379160481175,0.6188851810752424,0.06649412611729286,0.6188851297996926,0.0664941274378463,0.6188851316027671,0.06649394199913314,0.6188824558292838,0.06649394324362631,0.6188824575177573,0.06649424550559073,0.6188824833715689,0.0664942467133383,0.6188824849882688
1290.0,0.0956929,0.571637,0.0789237,0.617233,0.07674718428225437,0.6293576826714024,0.07674718517219399,0.6293576841522278,0.07674744586902943,0.6293577241335493,0.07674744673329464,0.629357725552858,0.0767469434625789,0.6293605964415722,0.07674694445247492,0.62936059812877,0.07674723855297226,0.6293605599368078,0.07674723951103657,0.6293605615461382,0.07674714971950339,0.6293579925396283,0.07674715062079619,0.6293579940433787,0.07674741481247671,0.6293580278845982,0.07674741568747176,0.6293580293251945
1300.0,0.109636,0.585831,0.093294,0.627701,0.09083971281410588,0.6392908302872538,0.09083971346108351,0.6392908316100222,0.09083994733889403,0.6392908775407389,0.0908399479674173,0.6392908788091882,0.09083945393578369,0.6392936020237894,0.09083945465612765,0.6392936035324137,0.09083971939471289,0.6392935767355225,0.09083972009214433,0.6392935781752898,0.09083967888579679,0.639291110795011,0.09083967954069748,0.6392911121374117,0.09083991647112774,0.6392911526673762,0.09083991710714505,0.6392911539540742
1310.0,0.125574,0.599496,0.110663,0.637626,0.108061541853445,0.6487125229605137,0.1080615423287164,0.6487125241448624,0.10806175775119306,0.6487125749565209,0.10806175821306045,0.648712576092792,0.10806129413632698,0.6487151614166357,0.10806129466604128,0.6487151627687107,0.10806153872779847,0.6487151458561136,0.10806153924084612,0.6487151471471564,0.1080615112236894,0.6487127764379802,0.10806151170453658,0.6487127776391349,0.10806172981333621,0.6487128237081,0.10806173028048169,0.648712824860008
1320.0,0.142441,0.611984,0.130292,0.647041,0.12766426317538246,0.6576525087857452,0.12766426353074428,0.6576525098486009,0.12766446655587474,0.6576525646008857,0.12766446690132685,0.6576525656210885,0.1276640468098952,0.6576550221714456,0.12766404720639365,0.6576550233859764,0.1276642769173179,0.6576550150112854,0.12766427730147584,0.6576550161715948,0.1276642373429596,0.6576527373736384,0.12766423770230553,0.6576527384508708,0.1276644431057122,0.6576527890459867,0.12766444345493874,0.657652790079579
1330.0,0.160726,0.617262,0.151474,0.655974,0.14892667390419678,0.6661391803017793,0.14892667417647304,0.6661391812577615,0.14892686885583883,0.6661392391270455,0.14892686912060732,0.6661392400451005,0.14892650196067594,0.6661415763047348,0.14892650226481086,0.6661415773981535,0.14892672187685213,0.6661415763655402,0.14892672217162317,0.6661415774106788,0.14892665352975212,0.6661393859649172,0.1489266538049372,0.6661393869331851,0.14892685059714122,0.6661394411661858,0.1489268508646676,0.6661394420956936
1340.0,0.179653,0.626886,0.173581,0.664455,0.17120004359922936,0.6741995000462934,0.17120004381418819,0.674199500908054,0.17120023261090087,0.6741995611759708,0.17120023281999858,0.6741995620039303,0.171199923798365,0.6742017858554319,0.17119992403874965,0.6742017868419741,0.17120013615199864,0.6742017920923227,0.17120013638506174,0.6742017930357795,0.17120002877111104,0.6741996845867995,0.17120002898825076,0.6741996854590436,0.17120021966286977,0.6741997425540212,0.1712002198740368,0.6741997433917625
1350.0,0.199674,0.639944,0.196079,0.672511,0.19393304764566768,0.6818589726638276,0.19393304782117177,0.6818589734423385,0.19393323204194554,0.681859035484889,0.19393323221271752,0.6818590362332093,0.19393298384216703,0.6818611549947664,0.19393298403865572,0.6818611558867897,0.19393319004727572,0.6818611664844152,0.19393319023784394,0.681861167337905,0.1939330380812685,0.6818591377338263,0.1939330382584569,0.6818591385212657,0.1939332241443523,0.6818591978030362,0.1939332243167237,0.6818591985596948
1360.0,0.221206,0.648377,0.218542,0.680166,0.21667992207200282,0.6891416451455761,0.2166799222203922,0.6891416458503716,0.21668010239742894,0.6891417091276448,0.21668010254186174,0.6891417098054164,0.21667991541533768,0.6891437302669181,0.21667991558166047,0.6891437310751718,0.21668011607232143,0.6891437461952231,0.21668011623368624,0.6891437469689408,0.21667991726263522,0.6891417922592474,0.2166799174123656,0.6891417929716277,0.21668009905872135,0.6891418538547751,0.2166800992044285,0.6891418545396365
1370.0,0.240173,0.657491,0.240643,0.687446,0.23909678770257434,0.696070135996352,0.239096787832387,0.6960701366357347,0.23909696402660277,0.696070200682382,0.23909696415299245,0.6960702012975242,0.23909683750281266,0.6960721297561193,0.23909683764847942,0.6960721304899729,0.23909703271857463,0.6960721494066943,0.23909703285994546,0.6960721501095299,0.2390967870139063,0.69607026654127,0.2390967871448178,0.6960702671870753,0.23909696462672284,0.69607032916581,0.2390969647541575,0.6960703297869609
1380.0,0.257418,0.66476,0.262143,0.694373,0.26093090568120936,0.7026656763762397,0.2609309057983816,0.7026656769574543,0.2609310778204475,0.7026657413740223,0.2609310779345641,0.7026657419334482,0.26093101003439045,0.7026675842281019,0.26093101016602077,0.7026675848957388,0.2609311996562012,0.7026676069717304,0.2609311997839908,0.7026676076114523,0.26093090842103267,0.7026657916239702,0.26093090853912826,0.7026657922106013,0.26093108168014245,0.702665854849543,0.2609310817951378,0.7026658554140407
1390.0,0.276239,0.670092,0.282879,0.700967,0.28200667496385173,0.7089481658716523,0.2820066750725364,0.708948166401034,0.2820068426318819,0.7089482308460994,0.28200684273776344,0.7089482313558567,0.2820068311946243,0.7089499929003368,0.28200683131685444,0.7089499935089192,0.28200701496766745,0.7089500181853237,0.282007015086369,0.7089500187687338,0.2820066804268553,0.7089482669875908,0.28200668053633154,0.708948267521517,0.28200684905833723,0.7089483304473225,0.28200684916497265,0.7089483309613387
1400.0,0.296289,0.678507,0.302745,0.70725,0.3022110048326225,0.7149362334316695,0.3022110049357395,0.7149362339147691,0.30221116773300427,0.7149362980978552,0.3022111678334909,0.7149362985632451,0.30221120980398297,0.7149379843775769,0.3022112099200768,0.7149379849333861,0.3022113874686888,0.7149380117210069,0.30221138758146654,0.7149380122540728,0.30221101232936315,0.7149363214841387,0.30221101243316845,0.7149363219710263,0.30221117604919284,0.7149363848648692,0.3022111761503354,0.7149363853338119
1410.0,0.317731,0.702341,0.321685,0.713238,0.3214796501431331,0.7206473047692937,0.3214796502427385,0.7206473052109851,0.3214798080212888,0.7206473688862446,0.3214798081183811,0.7206473693119235,0.32147990047193714,0.7206489840519643,0.3214799005841955,0.7206489845605202,0.3214800718176378,0.7206490130318395,0.32148007192672345,0.7206490135198077,0.3214796590182578,0.720647380737926,0.32147965911846615,0.7206473811827486,0.32147981758426863,0.7206474437735957,0.32147981768193595,0.7206474442022137
1420.0,0.338324,0.706978,0.339677,0.718951,0.33978529970626964,0.726097667324018,0.33978529980380456,0.726097667728589,0.3397854523736445,0.7260977306891808,0.33978545246874536,0.7260977310792467,0.33978559191272595,0.7260992790643663,0.33978559202276354,0.7260992795305291,0.3397857568018616,0.7260993093125612,0.33978575690882196,0.7260993097600533,0.3397853093494321,0.7260977321074471,0.33978530944749574,0.7260977325145788,0.3397854625853873,0.7260977945732157,0.3397854626809927,0.7260977949656872
1430.0,0.352699,0.708225,0.356721,0.724404,0.3571276882611241,0.7313025409573422,0.35712768835758524,0.7313025413285726,0.35712783560192024,0.7313026034016695,0.3571278356960002,0.7313026037597365,0.3571280188720905,0.731304088998686,0.3571280189810252,0.7313040894267436,0.35712817724596596,0.7313041201946454,0.3571281773518861,0.7313041206057403,0.357127698112914,0.7313025953802552,0.357127698209836,0.7313025957535505,0.3571278459150828,0.7313026570872712,0.35712784600960285,0.7313026574472794
1440.0,0.360781,0.708858,0.37284,0.729611,0.37352567433628736,0.7362761418561631,0.3735256744323459,0.7362761421973918,0.3735258163041169,0.7362762032397703,0.37352581639782995,0.7362762035690318,0.37352603995602246,0.7362776297839838,0.37352604006460766,0.7362776301777268,0.37352619182999164,0.7362776616491101,0.3735261919356033,0.7362776620274152,0.37352568389073765,0.7362761866757466,0.3735256839871923,0.7362761870186089,0.37352582622438235,0.7362762474665256,0.3735258263184738,0.7362762477973241
1450.0,0.375465,0.713245,0.388067,0.734588,0.38901107858987677,0.7410317498216299,0.3890110786859638,0.7410317501358115,0.3890112151992682,0.7410318100299763,0.38901121529303423,0.7410318103332595,0.38901147594760166,0.7410331809820131,0.38901147605632114,0.7410331813447987,0.38901162140095585,0.7410332132746952,0.3890116215067292,0.7410332136234064,0.3890110873946334,0.7410317857334537,0.3890110874910528,0.7410317860488939,0.3890112242853701,0.7410318454778132,0.3890112243794539,0.7410318457822813
1460.0,0.386241,0.715829,0.40244,0.739348,0.40362399965525436,0.7455817671337851,0.4036239997516229,0.7455817674235395,0.4036241309711384,0.7455818260743048,0.4036241310652042,0.7455818263541173,0.4036244256360638,0.745583144650676,0.40362442574520135,0.7455831449854831,0.40362456479997494,0.7455831771618698,0.40362456490618565,0.7455831774838242,0.4036240073101586,0.7455817947771692,0.4036240074067955,0.7455817950678558,0.4036241388333344,0.745581853368636,0.4036241389276569,0.7455818536493268
1470.0,0.406324,0.725354,0.416006,0.743903,0.41740934210199704,0.7499377806568848,0.4174093421987689,0.7499377809245392,0.4174094682290148,0.7499378382560238,0.417409468323499,0.7499378385145941,0.4174097937656634,0.7499391074481427,0.4174097938753547,0.7499391077576195,0.417409926811134,0.7499391399974539,0.41740992691791406,0.7499391402951746,0.4174093482566281,0.7499378006197875,0.4174093483536033,0.7499378008880904,0.41740947452655713,0.749937857972445,0.41740947462123595,0.7499378582316266
1480.0,0.412646,0.726104,0.42881,0.748264,0.4304142875181279,0.7541106155285887,0.43041428761532896,0.7541106157762146,0.4304144085907665,0.754110671729223,0.4304144086856943,0.754110671968535,0.43041476210906854,0.7541118943209095,0.43041476221934105,0.7541118946074147,0.4304148892359485,0.754111926753146,0.4304148893433245,0.754111927028881,0.430414291868692,0.7541106283520598,0.4304142919660301,0.754110628600087,0.43041441302875433,0.7541106843977899,0.4304144131238133,0.7541106846374807
1490.0,0.419843,0.729541,0.4409,0.752442,0.4426865045413713,0.7581103897776583,0.4426865046389588,0.7581103900071022,0.44268662071537407,0.7581104445368174,0.4426866208107035,0.7581104447586406,0.44268699949217555,0.7581116231204003,0.4426869996029788,0.758111623386038,0.4426871209196967,0.75811165530251,0.4426871210276194,0.7581116555582658,0.4426865068272221,0.758110395959886,0.44268650692487876,0.7581103961895166,0.4426866230412683,0.758110450645942,0.442686623136664,0.7581104508679414
1500.0,0.436654,0.739247,0.45232,0.756447,0.4542729093043803,0.7619465621362932,0.4542729094022637,0.7619465623492045,0.45427302074958037,0.7619466154231767,0.4542730208452228,0.761946615629092,0.4542734222346866,0.7619477524143277,0.4542734223459158,0.7619477526609788,0.45427353819364774,0.7619477842327015,0.45427353830201495,0.7619477844702718,0.4542729093043803,0.7619465621362932,0.4542729094022637,0.7619465623492045,0.45427302074958037,0.7619466154231767,0.4542730208452228,0.761946615629092
1510.0,0.447112,0.743542,0.463117,0.76029,0.4652188445490179,0.7656279794905271,0.46521884464707514,0.7656279796883815,0.4652189514435384,0.7656280312847702,0.46521895153937437,0.7656280314761927,0.46521937326104396,0.7656291289360821,0.46521937337255825,0.7656291291654306,0.46521948398755947,0.7656291602941746,0.4652194840962337,0.7656291605151663,0.46521884207788583,0.7656279737314927,0.46521884217587284,0.7656279739291851,0.4652189489389596,0.7656280255911038,0.46521894903472816,0.7656280257823731
1520.0,0.455567,0.745742,0.47333,0.763978,0.47556755975882475,0.7691629192367342,0.47556755985691446,0.7691629194208544,0.47556766228451836,0.7691629695268976,0.4755676623804094,0.7691629697050958,0.47556810223060886,0.7691640299403885,0.47556810234224534,0.7691640301539442,0.4755682079612656,0.7691640607566257,0.4755682080700878,0.76916406096248,0.47556755466357203,0.769162908109085,0.4755675547615205,0.7691629082929026,0.47556765712827276,0.7691629585231033,0.4755676572240283,0.7691629587010154
1530.0,0.465406,0.746499,0.483001,0.767519,0.485359912841247,0.7725591298857682,0.48535991293921815,0.7725591300573413,0.48536001118019606,0.7725591786680214,0.48536001127599415,0.7725591788341345,0.4853604672183564,0.7725602038066208,0.4853604673299407,0.7725602040057404,0.48536056818656237,0.7725602340125504,0.4853605682953623,0.7725602342045627,0.4853599049977735,0.7725591137499246,0.48535990509553195,0.7725591139210735,0.48536000325343814,0.7725591627083995,0.48536000334903207,0.772559162874111
1540.0,0.477077,0.758963,0.492166,0.770922,0.4946342294698355,0.7758238692673506,0.4946342295675342,0.7758238694274443,0.4946343238017298,0.7758239165443155,0.4946343238972841,0.7758239166993682,0.49463479405611394,0.7758249082423803,0.4946347941674684,0.7758249084282843,0.4946348904894317,0.7758249377810335,0.49463489059803556,0.7758249379603696,0.49463421877972885,0.7758238484562588,0.49463421887714354,0.775823848615823,0.4946343130107085,0.7758238959563662,0.49463431310599,0.7758238961109173
1550.0,0.480677,0.755747,0.500861,0.774194,0.5034262661309283,0.7789639370855593,0.5034262662282034,0.7789639372351351,0.5034263566311745,0.7789639828653173,0.5034263567263366,0.7789639830102327,0.5034268393787481,0.7789649428383115,0.5034268394896976,0.7789649430121001,0.5034269314970374,0.77896497166278,0.5034269316052739,0.778964971830491,0.5034262525184918,0.7789639119069842,0.5034262526154117,0.7789639120559397,0.5034263429043138,0.7789639579519645,0.5034263429991346,0.7789639580962919
1560.0,0.485253,0.757919,0.509117,0.777342,0.5117692545939111,0.7819857093365542,0.5117692546906173,0.7819857094764795,0.5117693414323027,0.781985753631773,0.5117693415269301,0.7819857537673841,0.5117698350942476,0.7819866834851427,0.5117698352046238,0.7819866836478083,0.511769923108425,0.7819867115573026,0.5117699232161292,0.7819867117143372,0.5117692380034317,0.781985680075174,0.5117692380997124,0.7819856802144008,0.511769324717523,0.7819857246733882,0.5117693248117413,0.7819857248083368
1570.0,0.495889,0.763866,0.516964,0.780371,0.519693991810355,0.7848951677167223,0.5196939919063561,0.7848951678477806,0.519694075150198,0.7848952105439033,0.5196940752441568,0.7848952106709629,0.5196945782829219,0.7848961117812155,0.5196945783925663,0.7848961119336558,0.5196946623942212,0.784896139070625,0.519694662501238,0.7848961392178414,0.5196939722036124,0.7848951346360312,0.5196939722991185,0.784895134766324,0.5196940554124756,0.7848951778001523,0.5196940555059583,0.7848951779264853
1580.0,0.504715,0.770057,0.52443,0.783288,0.5272289553470922,0.7876979257076785,0.5272289554422622,0.7876979258305786,0.5272290353446762,0.7876979670865011,0.5272290354378424,0.7876979672056903,0.5272295466307293,0.7876988411169537,0.5272295467394951,0.7876988412599809,0.5272296270303302,0.7876988675998648,0.5272296271365153,0.78769886773804,0.5272289327011005,0.7876978890517222,0.5272289327957075,0.7876978891737997,0.5272290125638309,0.7876979307980281,0.5272290126564552,0.7876979309164361
1590.0,0.512068,0.767177,0.531541,0.786098,0.5344004439827317,0.790399256033264,0.534400444076956,0.7903992561486485,0.5344005207870619,0.7903992959860181,0.5344005208793227,0.7903992960979546,0.5344010390261494,0.7904001441313124,0.5344010391339027,0.7904001442656632,0.534401115895085,0.7904001697898122,0.534401116000307,0.7904001699196509,0.5344004182877105,0.7903992160282209,0.5344004183813053,0.7903992161427341,0.5344004949557734,0.7903992563759779,0.5344004950474278,0.7903992564870864
1600.0,0.518514,0.77472,0.53832,0.788807,0.5412327180339968,0.793004112137379,0.5412327181271727,0.7930041122458306,0.5412327917867235,0.7930041506884722,0.5412327918779773,0.7930041507937162,0.5412333158869661,0.7930049741891584,0.5412333159935863,0.7930049743155014,0.5412333893962378,0.7930049990104054,0.541233389500378,0.7930049991325475,0.5412326892915502,0.7930040689930009,0.5412326893840317,0.7930040691005401,0.541232762908749,0.7930041079639347,0.541232762999334,0.7930041080683113
1610.0,0.523149,0.778435,0.544789,0.79142,0.5477481536756051,0.7955171537727546,0.5477481537676416,0.7955171538748029,0.5477482245110913,0.795517190948287,0.5477482246012486,0.7955171910473481,0.5477487534806277,0.7955179909695473,0.5477487535860075,0.7955179910884905,0.5477488237914537,0.7955180149451027,0.5477488238944067,0.7955180150601303,0.5477481218971018,0.7955171076836868,0.547748121988381,0.7955171077847882,0.5477481925996798,0.7955171453015143,0.5477481926891072,0.7955171453996747
1620.0,0.527472,0.777684,0.550967,0.793941,0.5539673774602081,0.797942763906991,0.5539673775510258,0.797942764003118,0.5539674455057022,0.7979427997343882,0.5539674455946844,0.7979427998277301,0.5539679784447159,0.7979435773714169,0.5539679785487615,0.7979435774835137,0.553968045708895,0.7979436004966572,0.553968045810568,0.7979436006051004,0.5539673426653344,0.7979427150539706,0.553967342755334,0.7979427151491222,0.5539674105821859,0.7979427513440068,0.5539674106703792,0.7979427514364202
1630.0,0.535987,0.783535,0.556874,0.796374,0.5599094040817403,0.8002850670911098,0.559909404171271,0.8002850671817546,0.5599094694576247,0.8002851015988096,0.5599094695453641,0.8002851016868547,0.5599100055508248,0.8002858578817503,0.559910005653455,0.8002858579875055,0.5599100699111553,0.8002858801553493,0.5599100700114681,0.8002858802576914,0.5599093662972269,0.8002850156420639,0.5599093663858808,0.8002850157317097,0.5599094315501696,0.800285050630875,0.5599094316370633,0.8002850507179687
1640.0,0.543451,0.789691,0.562525,0.798724,0.5655917773291104,0.8025479517809483,0.5655917774172965,0.8025479518665115,0.5655918401491823,0.8025479849981247,0.5655918402356217,0.8025479850812588,0.565592378658757,0.8025487208965867,0.5655923787599025,0.8025487209964607,0.5655924402494905,0.8025487423200561,0.5655924403483744,0.8025487424167385,0.5655917365876044,0.802547897891999,0.5655917366748573,0.8025478979765442,0.5655917992916883,0.8025479316071018,0.5655917993772273,0.802547931689266
1650.0,0.549626,0.793279,0.567938,0.800995,0.5710306752984281,0.8047350789610155,0.5710306753852218,0.804735079041863,0.5710307356702198,0.8047351109173474,0.5710307357553115,0.8047351109959229,0.5710312759292626,0.8047358273446109,0.5710312760288658,0.8047358274390246,0.5710313348765871,0.804735847921904,0.5710313349739847,0.8047358480133301,0.5710306316375006,0.8047350227773952,0.5710306317233068,0.8047350228572097,0.5710306919013511,0.8047350552470052,0.5710306919854897,0.8047350553245958
1660.0,0.552389,0.795833,0.573126,0.80319,0.5762410430139976,0.8068499053041458,0.5762410430993601,0.8068499053806123,0.5762411010391029,0.806849936029616,0.5762411011228082,0.8068499361039552,0.5762416424455263,0.8068506338464755,0.5762416425435398,0.8068506339358141,0.5762416988680397,0.8068506535836288,0.5762416989639038,0.806850653670168,0.5762409964752729,0.80684984696104,0.5762409965595963,0.806849847036462,0.5762410544014369,0.8068498782138478,0.5762410544841386,0.8068498782871906
1670.0,0.559849,0.801007,0.578104,0.805313,0.5812366787007244,0.808895688853498,0.5812366787846255,0.8088956889258901,0.5812367344751341,0.8088957183782264,0.5812367345574226,0.8088957184486246,0.5812372764860315,0.8088963983965672,0.5812372765824176,0.8088963984811837,0.5812373304952216,0.8088964173013957,0.5812373305895144,0.8088964173833864,0.5812366293291182,0.808895628476812,0.5812366294119308,0.808895628548151,0.5812366850144185,0.8088956585417971,0.5812366850956553,0.8088956586111904
1680.0,0.561831,0.799718,0.582882,0.807366,0.5860303452821353,0.8108755083707049,0.5860303453645523,0.8108755084393036,0.5860303988965612,0.8108755367247963,0.5860303989774098,0.8108755367915244,0.5860309410230172,0.8108761997108752,0.5860309411177471,0.8108761997910933,0.586030992723716,0.8108762177926936,0.5860309928164084,0.8108762178704464,0.5860302931251892,0.8108754460777706,0.5860302932064706,0.8108754461453104,0.5860303466610642,0.8108754749840346,0.5860303467408152,0.8108754750497515
1690.0,0.5642,0.797251,0.587473,0.809354,0.5906338485954071,0.8127922707966534,0.5906338486763244,0.8127922708617167,0.5906339001356115,0.8127922980100843,0.5906339002150041,0.812792298073391,0.590634441937912,0.8127929446875688,0.590634442030965,0.8127929447636857,0.5906344914287436,0.8127929619569606,0.5906344915198142,0.8127929620307609,0.5906337937027102,0.8127922066968738,0.5906337937824471,0.8127922067608746,0.5906338451755556,0.8127922344735138,0.5906338452538069,0.8127922345358055
1700.0,0.574699,0.806099,0.591888,0.811278,0.5950581271706611,0.8146487259007877,0.5950581272500691,0.8146487259625527,0.595058176717755,0.8146487520032958,0.5950581767956814,0.8146487520634097,0.5950587178010126,0.8146493830560677,0.595058717892375,0.8146493831283569,0.5950587651748074,0.8146493995246685,0.5950587652642421,0.8146493995947787,0.595058069593345,0.814648660096231,0.5950580696715302,0.814648660156932,0.5950581190848274,0.8146486867722125,0.5950581191615711,0.8146486868313095
1710.0,0.581026,0.81299,0.596136,0.813143,0.599313316274053,0.8164474722051196,0.5993133163519478,0.8164474722638043,0.599313363904798,0.8164474972261193,0.5993133639812537,0.8164474972832508,0.5993139039149316,0.8164481133008891,0.5993139040045963,0.8164481133696022,0.5993139492591254,0.8164481289812021,0.5993139493469162,0.8164481290478638,0.5993132560643586,0.8164474047910646,0.5993132561409904,0.8164474048486858,0.5993133036517239,0.8164474303951283,0.5993133037269575,0.8164474304512429
1720.0,0.581815,0.809155,0.600227,0.814949,0.6034088215348582,0.8181909691958866,0.6034088216112409,0.8181909692516921,0.60340886732194,0.8181909931643966,0.6034088673969252,0.8181909932187394,0.6034094059419844,0.8181915948730852,0.6034094060299502,0.8181915949384542,0.6034094493389891,0.8181916097783231,0.6034094494251337,0.8181916098417589,0.6034087587457589,0.8181909002613217,0.6034087588208407,0.8181909003160656,0.6034088045021178,0.8181909248219003,0.6034088045758437,0.8181909248752275
1730.0,0.582071,0.803584,0.604169,0.8167,0.607353384948059,0.8198815490648068,0.6073533850229349,0.8198815491179183,0.6073534289603542,0.8198815720093963,0.6073534290338735,0.8198815720611293,0.6073539659071181,0.8198821599313841,0.6073539659933886,0.8198821599936227,0.6073540074346728,0.8198821740753282,0.6073540075191742,0.8198821741357437,0.6073533196329377,0.8198814786928896,0.6073533197064768,0.8198814787449428,0.6073533636275391,0.8198815022380429,0.607353363699764,0.819881502288763
1740.0,0.592759,0.812597,0.607969,0.818398,0.6111551258249897,0.8215214165215206,0.6111551258983681,0.8215214165721091,0.6111551681278086,0.8215214384702514,0.6111551681998703,0.8215214385195397,0.6111557031487925,0.8215220131544352,0.6111557032333761,0.821522013213741,0.6111557428802837,0.8215220265513093,0.6111557429631491,0.8215220266088944,0.6111550580373616,0.8215213447900015,0.6111550581093694,0.821521344839536,0.6111551003358443,0.8215213673473518,0.6111551004065785,0.821521367395631
1750.0,0.596707,0.817367,0.611636,0.820046,0.614821606364059,0.8231126645260802,0.6148216064359524,0.8231126645743038,0.6148216470193775,0.8231126855064764,0.6148216470899933,0.8231126855534726,0.6148221798899747,0.8231132474731816,0.6148221799728836,0.8231132475297371,0.6148222178947407,0.8231132601375456,0.614822217975981,0.8231132601924757,0.6148215361573367,0.8231125915076937,0.6148215362278279,0.8231125915548687,0.6148215768219655,0.823112613104387,0.6148215768912226,0.8231126131503786
1760.0,0.600248,0.8202,0.615177,0.821644,0.6183598691284433,0.8246572770855269,0.6183598691988672,0.8246572771315316,0.6183599081951164,0.8246572971245391,0.6183599082643009,0.8246572971693841,0.6183604387160604,0.8246578468673061,0.6183604387973102,0.8246578469212803,0.6183604750596703,0.8246578588139616,0.6183604751393003,0.824657858866399,0.6183597965557348,0.8246572028483463,0.6183597966247266,0.8246572028933088,0.6183598356456204,0.824657223511012,0.6183598357134167,0.8246572235548583
1770.0,0.603393,0.82115,0.618597,0.823196,0.621776482646514,0.826157137008775,0.6217764827154862,0.8261571370526961,0.6217765201804764,0.8261571561327589,0.6217765202482463,0.8261571561755835,0.6217770481755085,0.8261576941199833,0.6217770482551177,0.8261576941715326,0.6217770829200193,0.8261577053638902,0.6217770829980562,0.8261577054139856,0.621776407760457,0.8261570616165468,0.6217764078279693,0.8261570616594328,0.6217764453317602,0.8261570813712674,0.6217764453981147,0.8261570814130996
1780.0,0.609629,0.820163,0.621902,0.824703,0.6250775794730439,0.8276140326630251,0.6250775795405846,0.8276140327049881,0.6250776155274976,0.8276140508977251,0.6250776155938722,0.8276140509386506,0.625078140841253,0.8276145775742031,0.6250781409192429,0.8276145776234727,0.6250781740454513,0.8276145881304133,0.625078174121915,0.8276145881783061,0.6250775023256611,0.8276139561754712,0.6250775023917158,0.8276139562164068,0.6250775384317848,0.8276139750477636,0.6250775384967181,0.8276139750877035
1790.0,0.610355,0.820802,0.625099,0.826168,0.6282688864939651,0.8290296607606664,0.6282688865600962,0.8290296608007875,0.6282689211195497,0.8290296781312024,0.6282689211845498,0.829029678170341,0.6282694436156195,0.8290301939195517,0.6282694436920133,0.8290301939666762,0.6282694753352425,0.8290302038031427,0.6282694754101551,0.8290302038489626,0.6282688071365471,0.8290295832337685,0.6282688072011678,0.8290295832728706,0.6282688418283099,0.829029601248562,0.6282688418918446,0.8290296012867225
1800.0,0.613437,0.822157,0.628192,0.82759,0.6313557664605911,0.8304056374716606,0.631355766525336,0.830405637510048,0.6313557997055442,0.8304056540025225,0.6313557997691922,0.8304056540399787,0.6313563192647184,0.8304061593045073,0.6313563193395412,0.8304061593496118,0.6313563495526571,0.8304061685305325,0.6313563496260425,0.8304061685743998,0.6313556849436016,0.8304055589579182,0.6313556850068134,0.8304055589952952,0.6313557182694023,0.8304055761395466,0.6313557183315623,0.8304055761760327
1810.0,0.618086,0.823095,0.631187,0.828973,0.63434323374211,0.8317434959038614,0.6343432338054931,0.8317434959406154,0.6343432656524162,0.8317435116189011,0.6343432657147355,0.8317435116547719,0.6343437821710821,0.8317440068166762,0.6343437822443605,0.8317440068598768,0.6343438110775695,0.8317440154001151,0.634343811149453,0.8317440154421416,0.6343431501151053,0.8317434164525315,0.6343431501769342,0.8317434164882842,0.6343431821210727,0.8317434328247232,0.6343431821818832,0.8317434328596324
1820.0,0.619352,0.823069,0.634088,0.830318,0.6372359913649147,0.8330446966974929,0.6372359914269616,0.8330446967327068,0.6372360219844442,0.8330447116199271,0.6372360220454596,0.8330447116543028,0.637236535373129,0.8330451970771858,0.6372365354448907,0.8330451971185908,0.6372365629459174,0.8330452050329099,0.6372365630163256,0.8330452050731999,0.6372359056764819,0.8330446163548121,0.637235905736955,0.8330446163890342,0.6372359364066165,0.8330446319406871,0.6372359364661034,0.8330446319741098
1830.0,0.625203,0.824683,0.636899,0.831626,0.6400384526104139,0.8343106310166989,0.640038452671151,0.8343106310504597,0.6400384819810493,0.8343106451691119,0.6400384820407861,0.8343106452020765,0.6400389921630913,0.8343111212321539,0.6400389922333652,0.834311121271864,0.640039018447609,0.834311128574891,0.6400390185165695,0.8343111286135415,0.6400383649081228,0.8343105498260903,0.6400383649672678,0.8343105498588689,0.6400383944044253,0.8343105646481606,0.6400383944626156,0.8343105646801812
1840.0,0.63143,0.829811,0.639625,0.832899,0.6427547532391014,0.8355426195701109,0.6427547532985555,0.8355426196024994,0.6427547814008564,0.8355426329744583,0.6427547814593404,0.8355426330060903,0.6427552883112029,0.8355430999732063,0.6427552883800185,0.8355431000113155,0.6427553133507072,0.8355431067175119,0.6427553134182483,0.8355431067546134,0.6427546635694649,0.8355425375723722,0.6427546636273102,0.8355425376037885,0.6427546918720581,0.8355425516525415,0.6427546919289788,0.8355425516832387
1850.0,0.62878,0.827339,0.642268,0.834138,0.6453887917939489,0.8367419268013481,0.6453887918521475,0.8367419268324401,0.6453888187850776,0.8367419394789635,0.6453888188423352,0.836741939509336,0.6453893223691779,0.8367423977278823,0.6453893224365653,0.8367423977644781,0.6453893462048889,0.8367424038881157,0.6453893462710394,0.8367424039237528,0.6453887002023989,0.8367418440348305,0.6453887002589731,0.8367418440649603,0.6453887273496357,0.8367418573944014,0.6453887274053145,0.8367418574238482
1860.0,0.629906,0.827414,0.644834,0.835344,0.6479442248766096,0.8379097525686301,0.6479442249335802,0.837909752598496,0.6479442507337115,0.8379097645402334,0.6479442507897696,0.8379097645694145,0.6479447509465222,0.8379102143392143,0.6479447510125118,0.8379102143743787,0.647944773617751,0.8379102199295202,0.6479447736825404,0.8379102199637716,0.6479441314074789,0.8379096690693982,0.6479441314628107,0.8379096690983121,0.6479441574360492,0.837909681729075,0.647944157490514,0.8379096817573399
1870.0,0.637517,0.832542,0.647325,0.836518,0.6504244983392379,0.8390472429326004,0.6504244983950082,0.839047242961306,0.6504245230973494,0.8390472542183078,0.6504245231522346,0.8390472542463614,0.6504250199024216,0.8390476958534825,0.6504250199670444,0.8390476958872918,0.650425041446688,0.8390477008877721,0.6504250415101458,0.8390477009207115,0.6504244030357473,0.8390471587345846,0.6504244030898658,0.8390471587623484,0.6504244279807726,0.8390471707144838,0.6504244280340514,0.8390471707416306
1880.0,0.638083,0.831618,0.649745,0.837662,0.6528328648695481,0.8401554942710205,0.6528328649241458,0.8401554942986275,0.6528328885622326,0.8401555048903555,0.6528328886159719,0.8401555049173411,0.6528333819308824,0.8401559386348535,0.652833381994169,0.8401559386673793,0.6528334023840228,0.8401559431267936,0.6528334024461786,0.84015594315849,0.6528327677738057,0.8401554094061586,0.6528327678267397,0.8401554094328341,0.6528327916689282,0.8401554207258161,0.6528327917210489,0.8401554207519045
1890.0,0.638839,0.826707,0.652095,0.838777,0.6551723802791324,0.8412355470111743,0.6551723803325854,0.8412355470377402,0.6551724029385604,0.8412355569830783,0.6551724029911805,0.8412355570090517,0.6551728928491203,0.841235983097752,0.6551728929111015,0.8412359831290611,0.6551729122453865,0.8412359870607525,0.6551729123062702,0.8412359870912703,0.6551722814321328,0.8412354615095403,0.655172281483911,0.8412354615351849,0.6551723043095962,0.8412354721879218,0.6551723043605866,0.8412354722130077
1900.0,0.648711,0.835795,0.654381,0.839863,0.6574459413459046,0.8422884013548987,0.6574459413982404,0.8422884013804774,0.6574459630029327,0.8422884106977466,0.6574459630544605,0.8422884107227602,0.6574464494400528,0.842288829431826,0.6574464495007594,0.8422888294619811,0.6574464678122092,0.8422888328790339,0.6574464678718502,0.8422888329084336,0.6574458407875378,0.8422883152448266,0.6574458408381888,0.8422883152694943,0.6574458626782677,0.8422883253003399,0.6574458627281556,0.8422883253244754
1910.0,0.653257,0.841677,0.656603,0.840923,0.6596562746812781,0.8433150076958205,0.6596562747325241,0.8433150077204626,0.6596562953655173,0.8433150164274292,0.6596562954159791,0.8433150164515318,0.6596567783195554,0.8433154280191656,0.6596567783790178,0.8433154280482255,0.659656795698963,0.8433154309634541,0.6596567957573909,0.8433154309917924,0.6596561724503365,0.8433149210040122,0.6596561724998886,0.8433149210277535,0.659656193384009,0.8433149304545171,0.6596561934328219,0.8433149304777512
1920.0,0.652634,0.841155,0.658765,0.841955,0.6618059641693622,0.8443162776775714,0.6618059642195454,0.8443162777013243,0.6618059839092466,0.8443162858152181,0.6618059839586689,0.8443162858384556,0.6618064633756882,0.8443166904924554,0.6618064634339367,0.8443166905204751,0.6618064797923847,0.8443166929464254,0.6618064798496288,0.8443166929737556,0.6618058603035575,0.8443161904292049,0.6618058603520386,0.8443161904520673,0.6618058803086698,0.8443161992920272,0.6618058803564346,0.8443161993144057
1930.0,0.654288,0.840284,0.660868,0.842963,0.6638974484008701,0.8452930798739224,0.6638974484500171,0.8452930798968307,0.6638974672237167,0.8452930874343529,0.6638974672721252,0.8452930874567686,0.6638979432026604,0.8452934854150888,0.663897943259725,0.8452934854421201,0.6638979586854336,0.8452934873910598,0.6638979587415227,0.8452934874174317,0.6638973429368494,0.845292992092749,0.6638973429842872,0.8452929921147767,0.6638973620407767,0.8452930003846905,0.6638973620875201,0.8452930004062565
1940.0,0.658566,0.841231,0.662916,0.843946,0.6659330421896742,0.8462462482210577,0.6659330422378115,0.8462462482431629,0.6659330601217409,0.8462462552205039,0.6659330601691612,0.846246255242138,0.6659335326174306,0.8462466467134008,0.6659335326733407,0.8462466467394922,0.6659335471938882,0.8462466482234139,0.6659335472488509,0.8462466482488745,0.6659329351630363,0.8462461599294894,0.6659329352094576,0.8462461599507242,0.6659329533920934,0.8462461676668441,0.6659329534378419,0.8462461676876382
1950.0,0.656597,0.833353,0.66491,0.844905,0.667914936973761,0.8471765798180914,0.6679149370209144,0.8471765798394328,0.6679149540403031,0.8471765862722848,0.6679149540867605,0.8471765862931755,0.6679154230606954,0.8471769714771615,0.66791542311548,0.8471769715023588,0.6679154367573323,0.8471769725329773,0.6679154368111967,0.8471769725575706,0.667914828419079,0.847176491037289,0.6679148284645107,0.8471764910577699,0.6679148457985749,0.8471764982358545,0.6679148458433543,0.8471764982559145
1960.0,0.647595,0.818636,0.666853,0.845841,0.6698452071798524,0.848084835893055,0.6698452072260473,0.8480848359136696,0.6698452234051685,0.8480848418172392,0.6698452234506875,0.8480848418374223,0.6698456889615378,0.8480852209255172,0.6698456890152257,0.8480852209498633,0.6698457018037919,0.8480852215386149,0.6698457018565857,0.8480852215623825,0.6698450971306976,0.848084746643005,0.6698450971751657,0.848084746662769,0.6698451136849825,0.8480847533180951,0.6698451137288182,0.8480847533374566
1970.0,0.654971,0.82659,0.668746,0.846755,0.6717258261295501,0.8489717481580727,0.6717258261748116,0.8489717481779953,0.671725841537033,0.8489717535670205,0.6717258415816381,0.8489717535865297,0.671726303643628,0.8489721267621635,0.671726303696247,0.8489721267856989,0.6717263156559378,0.8489721269437447,0.6717263157076881,0.8489721269667256,0.6717257146185095,0.8489716584576608,0.6717257146620396,0.8489716584767424,0.6717257303710267,0.8489716646241183,0.6717257304139437,0.848971664642815
1980.0,0.648411,0.823468,0.670592,0.847648,0.6735586655426303,0.8498380165198127,0.6735586655869827,0.8498380165390758,0.67355868015481,0.849838021427834,0.6735586801985249,0.849838021446701,0.6735591388285184,0.8498383888857434,0.6735591388800962,0.849838388908506,0.6735591500343747,0.8498383886467318,0.6735591500851084,0.8498383886689629,0.6735585526013373,0.8498379263868917,0.6735585526439546,0.8498379264053234,0.6735585675746648,0.8498379320591045,0.6735585676166874,0.8498379320771681
1990.0,0.644178,0.832657,0.672391,0.84852,0.6753455007633662,0.8506843102956697,0.6753455008068335,0.8506843103143041,0.6753455146019508,0.8506843147166313,0.6753455146447989,0.8506843147348859,0.6753459698620073,0.8506846766060255,0.675345969912571,0.8506846766280514,0.675345980284004,0.8506846759570732,0.6753459803337473,0.8506846759785891,0.6753453864225213,0.850684219747124,0.6753453864642501,0.8506842197649366,0.6753454006384136,0.8506842249390361,0.6753454006795658,0.8506842249564962
2000.0,0.661244,0.844539,0.674147,0.849372,0.6770880264697849,0.8515112747169922,0.6770880265123906,0.851511274735027,0.6770880395557012,0.8515112786643289,0.6770880395977052,0.8515112786819993,0.6770884914234255,0.8515116351471071,0.6770884914730014,0.8515116351684301,0.6770885010833025,0.851511634098593,0.6770885011320809,0.8515116341194264,0.6770879107591814,0.8515111837687968,0.6770879108000459,0.8515111837860191,0.6770879242386104,0.851511188493921,0.6770879242789154,0.8515111885108058
