wavelength_nm,prediction,measurement,prediction_minmax,measurement_minmax,relative_shape_delta,measurement_ref
400,0.463548445,0.241225,0,0,0,thesis_reflectance_d_10nm_initial_measurement
401,0.463828119,0.241426,0.000906987671,0.000822843107,8.41445636e-05,thesis_reflectance_d_10nm_initial_measurement
402,0.464109279,0.241663,0.00181879447,0.0017930611,2.57333663e-05,thesis_reflectance_d_10nm_initial_measurement
403,0.464391504,0.241514,0.00273405507,0.00118309283,0.00155096225,thesis_reflectance_d_10nm_initial_measurement
404,0.464674504,0.241377,0.00365182902,0.000622249514,0.00302957951,thesis_reflectance_d_10nm_initial_measurement
405,0.464957951,0.241577,0.0045710526,0.00144099887,0.00313005372,thesis_reflectance_d_10nm_initial_measurement
406,0.465241551,0.241514,0.00549077235,0.00118309283,0.00430767953,thesis_reflectance_d_10nm_initial_measurement
407,0.465525011,0.24171,0.00641003809,0.0019854672,0.00442457089,thesis_reflectance_d_10nm_initial_measurement
408,0.465808118,0.242132,0.00732815904,0.00371302835,0.00361513069,thesis_reflectance_d_10nm_initial_measurement
409,0.466090635,0.242313,0.00824436661,0.00445399652,0.00379037009,thesis_reflectance_d_10nm_initial_measurement
410,0.46637235,0.242424,0.00915797328,0.00490840242,0.00424957086,thesis_reflectance_d_10nm_initial_measurement
411,0.466653106,0.242225,0.0100684699,0.0040937468,0.00597472309,thesis_reflectance_d_10nm_initial_measurement
412,0.466932707,0.242207,0.0109752208,0.00402005936,0.00695516146,thesis_reflectance_d_10nm_initial_measurement
413,0.467211048,0.242156,0.0118778856,0.00381127827,0.00806660728,thesis_reflectance_d_10nm_initial_measurement
414,0.467487996,0.242094,0.0127760328,0.00355746597,0.00921856679,thesis_reflectance_d_10nm_initial_measurement
415,0.46776346,0.242394,0.0136693673,0.00478559001,0.00888377731,thesis_reflectance_d_10nm_initial_measurement
416,0.468037354,0.242518,0.0145576104,0.00529321461,0.00926439574,thesis_reflectance_d_10nm_initial_measurement
417,0.468309655,0.242714,0.0154406873,0.00609558899,0.00934509827,thesis_reflectance_d_10nm_initial_measurement
418,0.468580276,0.242822,0.0163183159,0.00653771364,0.00978060225,thesis_reflectance_d_10nm_initial_measurement
419,0.468849216,0.242602,0.017190493,0.00563708935,0.0115534037,thesis_reflectance_d_10nm_initial_measurement
420,0.469116508,0.242453,0.0180573256,0.00502712107,0.0130302046,thesis_reflectance_d_10nm_initial_measurement
421,0.469382109,0.242117,0.0189186743,0.00365162215,0.0152670522,thesis_reflectance_d_10nm_initial_measurement
422,0.469646053,0.242392,0.0197746493,0.00477740252,0.0149972468,thesis_reflectance_d_10nm_initial_measurement
423,0.46990842,0.242668,0.0206255101,0.00590727663,0.0147182335,thesis_reflectance_d_10nm_initial_measurement
424,0.470169263,0.242664,0.0214714285,0.00589090165,0.0155805269,thesis_reflectance_d_10nm_initial_measurement
425,0.470428667,0.24281,0.0223126802,0.00648858868,0.0158240915,thesis_reflectance_d_10nm_initial_measurement
426,0.470686694,0.242823,0.0231494663,0.00654180739,0.0166076589,thesis_reflectance_d_10nm_initial_measurement
427,0.470943472,0.242671,0.0239822018,0.00591955788,0.018062644,thesis_reflectance_d_10nm_initial_measurement
428,0.471199071,0.242733,0.0248111139,0.00617337018,0.0186377437,thesis_reflectance_d_10nm_initial_measurement
429,0.471453692,0.24268,0.0256368542,0.0059564016,0.0196804526,thesis_reflectance_d_10nm_initial_measurement
430,0.471707422,0.242615,0.026459705,0.00569030805,0.020769397,thesis_reflectance_d_10nm_initial_measurement
431,0.471960442,0.242885,0.0272802533,0.00679561969,0.0204846336,thesis_reflectance_d_10nm_initial_measurement
432,0.472212851,0.242797,0.0280988201,0.00643536997,0.0216634501,thesis_reflectance_d_10nm_initial_measurement
433,0.472464904,0.242771,0.0289162324,0.00632893256,0.0225872998,thesis_reflectance_d_10nm_initial_measurement
434,0.472716694,0.242752,0.0297327918,0.00625115137,0.0234816404,thesis_reflectance_d_10nm_initial_measurement
435,0.472968483,0.242735,0.0305493479,0.00618155767,0.0243677902,thesis_reflectance_d_10nm_initial_measurement
436,0.473220415,0.242792,0.0313663678,0.00641490124,0.0249514665,thesis_reflectance_d_10nm_initial_measurement
437,0.473472739,0.242857,0.0321846589,0.00668099478,0.0255036641,thesis_reflectance_d_10nm_initial_measurement
438,0.473725603,0.242836,0.0330047013,0.0065950261,0.0264096752,thesis_reflectance_d_10nm_initial_measurement
439,0.473979219,0.242989,0.0338271824,0.00722136936,0.0266058131,thesis_reflectance_d_10nm_initial_measurement
440,0.47423388,0.243006,0.0346530525,0.00729096305,0.0273620894,thesis_reflectance_d_10nm_initial_measurement
441,0.474489752,0.242758,0.0354828499,0.00627571385,0.029207136,thesis_reflectance_d_10nm_initial_measurement
442,0.474747054,0.242737,0.0363172847,0.00618974516,0.0301275396,thesis_reflectance_d_10nm_initial_measurement
443,0.47500604,0.242918,0.0371571809,0.00693071334,0.0302264675,thesis_reflectance_d_10nm_initial_measurement
444,0.475266938,0.242687,0.0380032776,0.00598505782,0.0320182198,thesis_reflectance_d_10nm_initial_measurement
445,0.475529975,0.242762,0.0388563112,0.00629208883,0.0325642224,thesis_reflectance_d_10nm_initial_measurement
446,0.47579538,0.243066,0.0397170243,0.00753658786,0.0321804364,thesis_reflectance_d_10nm_initial_measurement
447,0.476063447,0.242868,0.0405863703,0.006726026,0.0338603443,thesis_reflectance_d_10nm_initial_measurement
448,0.476334347,0.243479,0.0414649037,0.00922730529,0.0322375984,thesis_reflectance_d_10nm_initial_measurement
449,0.476608339,0.243942,0.0423534645,0.0111227101,0.0312307545,thesis_reflectance_d_10nm_initial_measurement
450,0.476885715,0.243324,0.0432529997,0.00859277454,0.0346602252,thesis_reflectance_d_10nm_initial_measurement
451,0.477166645,0.242701,0.0441640606,0.00604237028,0.0381216904,thesis_reflectance_d_10nm_initial_measurement
452,0.477451421,0.242421,0.0450875942,0.00489612117,0.040191473,thesis_reflectance_d_10nm_initial_measurement
453,0.477740237,0.242303,0.0460242295,0.00441305905,0.0416111705,thesis_reflectance_d_10nm_initial_measurement
454,0.478033376,0.2428,0.0469748844,0.00644765121,0.0405272332,thesis_reflectance_d_10nm_initial_measurement
455,0.478331004,0.243179,0.0479400972,0.00799918125,0.039940916,thesis_reflectance_d_10nm_initial_measurement
456,0.478633463,0.243277,0.0489209771,0.00840036844,0.0405206086,thesis_reflectance_d_10nm_initial_measurement
457,0.478940873,0.243454,0.0499179131,0.00912496162,0.0407929514,thesis_reflectance_d_10nm_initial_measurement
458,0.479253545,0.243319,0.0509319138,0.0085723058,0.042359608,thesis_reflectance_d_10nm_initial_measurement
459,0.479571648,0.242997,0.0519635274,0.00725411933,0.0447094081,thesis_reflectance_d_10nm_initial_measurement
460,0.479895425,0.24324,0.0530135419,0.00824889981,0.0447646421,thesis_reflectance_d_10nm_initial_measurement
461,0.480225105,0.243533,0.0540826999,0.00944836762,0.0446343323,thesis_reflectance_d_10nm_initial_measurement
462,0.480560889,0.243334,0.0551716533,0.008633712,0.0465379413,thesis_reflectance_d_10nm_initial_measurement
463,0.480902956,0.243045,0.0562809825,0.00745061918,0.0488303634,thesis_reflectance_d_10nm_initial_measurement
464,0.48125156,0.243303,0.0574115114,0.00850680585,0.0489047055,thesis_reflectance_d_10nm_initial_measurement
465,0.481606846,0.243256,0.0585637101,0.00831439975,0.0502493104,thesis_reflectance_d_10nm_initial_measurement
466,0.481969057,0.243522,0.0597383667,0.0094033364,0.0503350303,thesis_reflectance_d_10nm_initial_measurement
467,0.482338394,0.243817,0.0609361331,0.0106109917,0.0503251413,thesis_reflectance_d_10nm_initial_measurement
468,0.482714975,0.243606,0.0621573918,0.00974721113,0.0524101807,thesis_reflectance_d_10nm_initial_measurement
469,0.483098994,0.243089,0.0634027722,0.00763074404,0.0557720281,thesis_reflectance_d_10nm_initial_measurement
470,0.483490671,0.243187,0.0646729875,0.00803193123,0.0566410563,thesis_reflectance_d_10nm_initial_measurement
471,0.483890138,0.243594,0.065968466,0.00969808617,0.0562703798,thesis_reflectance_d_10nm_initial_measurement
472,0.484297534,0.244038,0.0672896583,0.0115157098,0.0557739486,thesis_reflectance_d_10nm_initial_measurement
473,0.484713018,0.244112,0.0686370802,0.011818647,0.0568184332,thesis_reflectance_d_10nm_initial_measurement
474,0.485136784,0.243681,0.0700113607,0.0100542421,0.0599571186,thesis_reflectance_d_10nm_initial_measurement
475,0.485568936,0.243587,0.0714128372,0.00966942995,0.0617434073,thesis_reflectance_d_10nm_initial_measurement
476,0.486009625,0.244265,0.0728419994,0.0124449903,0.0603970091,thesis_reflectance_d_10nm_initial_measurement
477,0.48645894,0.245242,0.0742991358,0.0164445809,0.0578545549,thesis_reflectance_d_10nm_initial_measurement
478,0.486917045,0.245647,0.0757847783,0.0181025484,0.0576822299,thesis_reflectance_d_10nm_initial_measurement
479,0.48738403,0.24552,0.0772992188,0.0175826425,0.0597165763,thesis_reflectance_d_10nm_initial_measurement
480,0.487859992,0.24551,0.0788427719,0.017541705,0.0613010668,thesis_reflectance_d_10nm_initial_measurement
481,0.488345051,0.245607,0.0804158267,0.0179387985,0.0624770282,thesis_reflectance_d_10nm_initial_measurement
482,0.488839296,0.245247,0.0820186719,0.0164650496,0.0655536222,thesis_reflectance_d_10nm_initial_measurement
483,0.489342804,0.244956,0.0836515571,0.0152737693,0.0683777878,thesis_reflectance_d_10nm_initial_measurement
484,0.489855644,0.24539,0.0853147062,0.0170504554,0.0682642508,thesis_reflectance_d_10nm_initial_measurement
485,0.490377911,0.245832,0.0870084272,0.0188598915,0.0681485357,thesis_reflectance_d_10nm_initial_measurement
486,0.490909666,0.24606,0.088732918,0.0197932658,0.0689396522,thesis_reflectance_d_10nm_initial_measurement
487,0.491450983,0.246661,0.0904884185,0.0222536076,0.0682348109,thesis_reflectance_d_10nm_initial_measurement
488,0.492001871,0.247322,0.0922749579,0.0249595743,0.0673153836,thesis_reflectance_d_10nm_initial_measurement
489,0.492562405,0.247652,0.0940927794,0.0263105107,0.0677822688,thesis_reflectance_d_10nm_initial_measurement
490,0.493132591,0.247459,0.0959419026,0.0255204176,0.0704214851,thesis_reflectance_d_10nm_initial_measurement
491,0.493712524,0.247652,0.0978226355,0.0263105107,0.0715121248,thesis_reflectance_d_10nm_initial_measurement
492,0.494302136,0.248157,0.0997347575,0.0283778528,0.0713569047,thesis_reflectance_d_10nm_initial_measurement
493,0.494901539,0.247619,0.101678632,0.0261754171,0.0755032148,thesis_reflectance_d_10nm_initial_measurement
494,0.495510653,0.247127,0.103653999,0.0241612936,0.0794927056,thesis_reflectance_d_10nm_initial_measurement
495,0.496129546,0.247884,0.10566108,0.02726026,0.0784008201,thesis_reflectance_d_10nm_initial_measurement
496,0.496758202,0.248483,0.107699822,0.0297124143,0.0779874082,thesis_reflectance_d_10nm_initial_measurement
497,0.497396587,0.248732,0.109770116,0.0307317572,0.0790383589,thesis_reflectance_d_10nm_initial_measurement
498,0.498044751,0.249032,0.111872123,0.0319598813,0.0799122421,thesis_reflectance_d_10nm_initial_measurement
499,0.498702575,0.249779,0.114005458,0.0350179101,0.0789875479,thesis_reflectance_d_10nm_initial_measurement
500,0.499370153,0.250359,0.116170425,0.0373922833,0.0787781419,thesis_reflectance_d_10nm_initial_measurement
501,0.500047351,0.250143,0.11836659,0.036508034,0.0818585562,thesis_reflectance_d_10nm_initial_measurement
502,0.500734195,0.250421,0.120594037,0.0376460956,0.0829479417,thesis_reflectance_d_10nm_initial_measurement
503,0.501430557,0.251061,0.122852351,0.0402660935,0.0825862579,thesis_reflectance_d_10nm_initial_measurement
504,0.502136472,0.251077,0.125141646,0.0403315935,0.0848100526,thesis_reflectance_d_10nm_initial_measurement
505,0.502851866,0.250877,0.127461681,0.0395128441,0.0879488372,thesis_reflectance_d_10nm_initial_measurement
506,0.503576659,0.251248,0.129812198,0.0410316242,0.0887805735,thesis_reflectance_d_10nm_initial_measurement
507,0.504310783,0.252079,0.132192975,0.0444335278,0.0877594469,thesis_reflectance_d_10nm_initial_measurement
508,0.50505422,0.252538,0.134603954,0.0463125576,0.0882913963,thesis_reflectance_d_10nm_initial_measurement
509,0.505806831,0.252626,0.137044684,0.0466728073,0.0903718772,thesis_reflectance_d_10nm_initial_measurement
510,0.506568556,0.253184,0.139514972,0.048957118,0.090557854,thesis_reflectance_d_10nm_initial_measurement
511,0.507339324,0.25403,0.142014586,0.0524204278,0.0895941583,thesis_reflectance_d_10nm_initial_measurement
512,0.508119038,0.254423,0.144543212,0.0540292703,0.0905139419,thesis_reflectance_d_10nm_initial_measurement
513,0.508907619,0.254392,0.147100594,0.0539023641,0.09319823,thesis_reflectance_d_10nm_initial_measurement
514,0.509704909,0.254652,0.14968622,0.0549667383,0.0947194813,thesis_reflectance_d_10nm_initial_measurement
515,0.510510891,0.255233,0.152300033,0.0573452052,0.0949548281,thesis_reflectance_d_10nm_initial_measurement
516,0.511325453,0.255546,0.154941672,0.0586265479,0.0963151241,thesis_reflectance_d_10nm_initial_measurement
517,0.51214844,0.255196,0.157610633,0.0571937366,0.100416897,thesis_reflectance_d_10nm_initial_measurement
518,0.512979719,0.255567,0.160306486,0.0587125166,0.101593969,thesis_reflectance_d_10nm_initial_measurement
519,0.513819254,0.256642,0.163029112,0.0631132944,0.0999158179,thesis_reflectance_d_10nm_initial_measurement
520,0.514666864,0.257209,0.165777926,0.0654344489,0.100343477,thesis_reflectance_d_10nm_initial_measurement
521,0.515522489,0.257346,0.168552733,0.0659952922,0.102557441,thesis_reflectance_d_10nm_initial_measurement
522,0.516385941,0.25748,0.171352923,0.0665438543,0.104809069,thesis_reflectance_d_10nm_initial_measurement
523,0.517257105,0.258544,0.174178123,0.0708996009,0.103278522,thesis_reflectance_d_10nm_initial_measurement
524,0.518135877,0.259103,0.177027996,0.0731880053,0.103839991,thesis_reflectance_d_10nm_initial_measurement
525,0.519022129,0.259197,0.179902127,0.0735728175,0.106329309,thesis_reflectance_d_10nm_initial_measurement
526,0.519915714,0.25928,0.182800039,0.0739125985,0.10888744,thesis_reflectance_d_10nm_initial_measurement
527,0.520816465,0.259909,0.18572119,0.0764875652,0.109233625,thesis_reflectance_d_10nm_initial_measurement
528,0.521724276,0.260965,0.188665237,0.0808105619,0.107854675,thesis_reflectance_d_10nm_initial_measurement
529,0.522639032,0.26089,0.191631807,0.0805035309,0.111128276,thesis_reflectance_d_10nm_initial_measurement
530,0.523560548,0.260843,0.194620299,0.0803111248,0.114309174,thesis_reflectance_d_10nm_initial_measurement
531,0.524488667,0.261383,0.197630205,0.082521748,0.115108457,thesis_reflectance_d_10nm_initial_measurement
532,0.525423279,0.262373,0.200661168,0.0865745574,0.114086611,thesis_reflectance_d_10nm_initial_measurement
533,0.526364238,0.263094,0.203712715,0.0895261488,0.114186566,thesis_reflectance_d_10nm_initial_measurement
534,0.527311384,0.263227,0.206784326,0.0900706171,0.116713709,thesis_reflectance_d_10nm_initial_measurement
535,0.528264558,0.263534,0.209875486,0.0913273974,0.118548088,thesis_reflectance_d_10nm_initial_measurement
536,0.529223634,0.264293,0.212985786,0.0944345512,0.118551235,thesis_reflectance_d_10nm_initial_measurement
537,0.530188476,0.265128,0.216114785,0.0978528298,0.118261956,thesis_reflectance_d_10nm_initial_measurement
538,0.531158861,0.265288,0.219261761,0.0985078293,0.120753932,thesis_reflectance_d_10nm_initial_measurement
539,0.532134697,0.265284,0.222426414,0.0984914543,0.12393496,thesis_reflectance_d_10nm_initial_measurement
540,0.53311584,0.266168,0.225608278,0.102110326,0.123497952,thesis_reflectance_d_10nm_initial_measurement
541,0.534102095,0.267211,0.22880672,0.106380104,0.122426616,thesis_reflectance_d_10nm_initial_measurement
542,0.535093336,0.267466,0.232021332,0.10742401,0.124597322,thesis_reflectance_d_10nm_initial_measurement
543,0.536089367,0.267422,0.235251478,0.107243885,0.128007593,thesis_reflectance_d_10nm_initial_measurement
544,0.537090132,0.267789,0.238496976,0.10874629,0.129750686,thesis_reflectance_d_10nm_initial_measurement
545,0.53809539,0.26902,0.241757046,0.113785692,0.127971353,thesis_reflectance_d_10nm_initial_measurement
546,0.539104995,0.269789,0.245031212,0.116933784,0.128097429,thesis_reflectance_d_10nm_initial_measurement
547,0.540118817,0.270063,0.248319055,0.11805547,0.130263585,thesis_reflectance_d_10nm_initial_measurement
548,0.541136745,0.27024,0.251620213,0.118780063,0.13284015,thesis_reflectance_d_10nm_initial_measurement
549,0.542158533,0.270764,0.254933889,0.120925187,0.134008703,thesis_reflectance_d_10nm_initial_measurement
550,0.543184125,0.272113,0.258259902,0.126447651,0.131812251,thesis_reflectance_d_10nm_initial_measurement
551,0.544213278,0.272511,0.261597463,0.128076962,0.133520501,thesis_reflectance_d_10nm_initial_measurement
552,0.545245938,0.27232,0.264946398,0.127295057,0.137651341,thesis_reflectance_d_10nm_initial_measurement
553,0.546281833,0.2727,0.268305823,0.128850681,0.139455143,thesis_reflectance_d_10nm_initial_measurement
554,0.547320937,0.273652,0.271675656,0.132747928,0.138927728,thesis_reflectance_d_10nm_initial_measurement
555,0.548363064,0.274636,0.275055292,0.136776174,0.138279118,thesis_reflectance_d_10nm_initial_measurement
556,0.549408055,0.275043,0.278444216,0.138442329,0.140001887,thesis_reflectance_d_10nm_initial_measurement
557,0.550455745,0.275172,0.281841893,0.138970423,0.14287147,thesis_reflectance_d_10nm_initial_measurement
558,0.551506007,0.275898,0.285247911,0.141942483,0.143305428,thesis_reflectance_d_10nm_initial_measurement
559,0.55255871,0.276896,0.288661845,0.146028042,0.142633803,thesis_reflectance_d_10nm_initial_measurement
560,0.553613701,0.277583,0.2920832,0.148840446,0.143242753,thesis_reflectance_d_10nm_initial_measurement
561,0.554670823,0.278368,0.295511465,0.152054037,0.143457427,thesis_reflectance_d_10nm_initial_measurement
562,0.555730004,0.278598,0.298946407,0.152995599,0.145950808,thesis_reflectance_d_10nm_initial_measurement
563,0.556791037,0.278921,0.302387356,0.154317879,0.148069476,thesis_reflectance_d_10nm_initial_measurement
564,0.557853794,0.279727,0.305833895,0.157617439,0.148216456,thesis_reflectance_d_10nm_initial_measurement
565,0.558918159,0.280811,0.30928565,0.162055061,0.147230589,thesis_reflectance_d_10nm_initial_measurement
566,0.559983977,0.28111,0.312742116,0.163279091,0.149463025,thesis_reflectance_d_10nm_initial_measurement
567,0.561051132,0.281353,0.316202918,0.164273872,0.151929047,thesis_reflectance_d_10nm_initial_measurement
568,0.562119502,0.28191,0.319667661,0.166554089,0.153113572,thesis_reflectance_d_10nm_initial_measurement
569,0.563188922,0.282717,0.323135809,0.169857742,0.153278066,thesis_reflectance_d_10nm_initial_measurement
570,0.564259325,0.283536,0.326607144,0.173210521,0.153396623,thesis_reflectance_d_10nm_initial_measurement
571,0.565330542,0.284114,0.33008112,0.175576707,0.154504413,thesis_reflectance_d_10nm_initial_measurement
572,0.566402459,0.2846,0.333557365,0.177566268,0.155991098,thesis_reflectance_d_10nm_initial_measurement
573,0.567474944,0.285304,0.337035453,0.180448265,0.156587188,thesis_reflectance_d_10nm_initial_measurement
574,0.568547859,0.286332,0.340514935,0.184656637,0.155858298,thesis_reflectance_d_10nm_initial_measurement
575,0.569621149,0.287283,0.343995633,0.18854979,0.155445843,thesis_reflectance_d_10nm_initial_measurement
576,0.570694647,0.287742,0.347477006,0.19042882,0.157048186,thesis_reflectance_d_10nm_initial_measurement
577,0.571768237,0.287746,0.350958677,0.190445195,0.160513482,thesis_reflectance_d_10nm_initial_measurement
578,0.572841826,0.288286,0.354440345,0.192655818,0.161784527,thesis_reflectance_d_10nm_initial_measurement
579,0.573915299,0.28927,0.357921637,0.196684065,0.161237572,thesis_reflectance_d_10nm_initial_measurement
580,0.574988551,0.290114,0.361402212,0.200139187,0.161263024,thesis_reflectance_d_10nm_initial_measurement
581,0.576061427,0.290769,0.364881567,0.202820592,0.162060976,thesis_reflectance_d_10nm_initial_measurement
582,0.577133893,0.291134,0.368359593,0.204314809,0.164044784,thesis_reflectance_d_10nm_initial_measurement
583,0.578205774,0.291424,0.371835722,0.205501996,0.166333726,thesis_reflectance_d_10nm_initial_measurement
584,0.57927705,0.292283,0.375309889,0.209018524,0.166291365,thesis_reflectance_d_10nm_initial_measurement
585,0.580347558,0.293328,0.378781565,0.21329649,0.165485076,thesis_reflectance_d_10nm_initial_measurement
586,0.581417201,0.294251,0.382250436,0.217075018,0.165175418,thesis_reflectance_d_10nm_initial_measurement
587,0.582485925,0.294824,0.385716327,0.219420735,0.166295592,thesis_reflectance_d_10nm_initial_measurement
588,0.583553571,0.295357,0.389178721,0.221602702,0.167576019,thesis_reflectance_d_10nm_initial_measurement
589,0.584620124,0.296428,0.392637571,0.225987105,0.166650467,thesis_reflectance_d_10nm_initial_measurement
590,0.585685445,0.297636,0.396092426,0.230932351,0.165160075,thesis_reflectance_d_10nm_initial_measurement
591,0.586749468,0.298615,0.399543071,0.234940129,0.164602942,thesis_reflectance_d_10nm_initial_measurement
592,0.587812052,0.298804,0.40298905,0.235713847,0.167275203,thesis_reflectance_d_10nm_initial_measurement
593,0.588873179,0.299281,0.406430303,0.237666564,0.168763739,thesis_reflectance_d_10nm_initial_measurement
594,0.589932695,0.299689,0.409866332,0.239336813,0.170529519,thesis_reflectance_d_10nm_initial_measurement
595,0.590990601,0.30058,0.41329714,0.242984341,0.170312798,thesis_reflectance_d_10nm_initial_measurement
596,0.592046747,0.301594,0.41672224,0.247135401,0.169586839,thesis_reflectance_d_10nm_initial_measurement
597,0.593101119,0.302042,0.420141586,0.248969399,0.171172187,thesis_reflectance_d_10nm_initial_measurement
598,0.594153592,0.302509,0.423554775,0.250881179,0.172673596,thesis_reflectance_d_10nm_initial_measurement
599,0.59520408,0.302828,0.426961526,0.252187084,0.174774441,thesis_reflectance_d_10nm_initial_measurement
600,0.596252573,0.303667,0.430361807,0.255621738,0.174740069,thesis_reflectance_d_10nm_initial_measurement
601,0.597298945,0.30496,0.433755209,0.260914952,0.172840257,thesis_reflectance_d_10nm_initial_measurement
602,0.598343135,0.306053,0.437141536,0.265389418,0.171752118,thesis_reflectance_d_10nm_initial_measurement
603,0.599385094,0.306607,0.440520627,0.267657353,0.172863274,thesis_reflectance_d_10nm_initial_measurement
604,0.600424765,0.307083,0.443892298,0.269605977,0.174286322,thesis_reflectance_d_10nm_initial_measurement
605,0.601462061,0.307575,0.447256267,0.2716201,0.175636167,thesis_reflectance_d_10nm_initial_measurement
606,0.602496887,0.30865,0.450612226,0.276020878,0.174591348,thesis_reflectance_d_10nm_initial_measurement
607,0.603529238,0.310324,0.453960159,0.28287381,0.171086348,thesis_reflectance_d_10nm_initial_measurement
608,0.604559062,0.310854,0.457299896,0.285043496,0.1722564,thesis_reflectance_d_10nm_initial_measurement
609,0.605586257,0.311453,0.460631107,0.28749565,0.173135457,thesis_reflectance_d_10nm_initial_measurement
610,0.606610773,0.311773,0.46395363,0.288805649,0.175147981,thesis_reflectance_d_10nm_initial_measurement
611,0.607632607,0.312071,0.467267456,0.290025586,0.17724187,thesis_reflectance_d_10nm_initial_measurement
612,0.608651637,0.313074,0.470572188,0.294131614,0.176440574,thesis_reflectance_d_10nm_initial_measurement
613,0.609667848,0.314368,0.473867778,0.299428922,0.174438856,thesis_reflectance_d_10nm_initial_measurement
614,0.610681181,0.315255,0.477154035,0.303060076,0.174093959,thesis_reflectance_d_10nm_initial_measurement
615,0.611691621,0.3162,0.480430909,0.306928666,0.173502243,thesis_reflectance_d_10nm_initial_measurement
616,0.612699063,0.317032,0.483698061,0.310334664,0.173363398,thesis_reflectance_d_10nm_initial_measurement
617,0.613703485,0.316844,0.486955419,0.309565039,0.17739038,thesis_reflectance_d_10nm_initial_measurement
618,0.61470485,0.317377,0.490202864,0.311747006,0.178455857,thesis_reflectance_d_10nm_initial_measurement
619,0.615703152,0.318107,0.493440374,0.314735442,0.178704933,thesis_reflectance_d_10nm_initial_measurement
620,0.616698289,0.318556,0.496667621,0.316573534,0.180094087,thesis_reflectance_d_10nm_initial_measurement
621,0.617690243,0.319214,0.499884545,0.319267219,0.180617326,thesis_reflectance_d_10nm_initial_measurement
622,0.61867897,0.319963,0.503091004,0.322333436,0.180757569,thesis_reflectance_d_10nm_initial_measurement
623,0.619664465,0.321122,0.506286982,0.327078088,0.179208894,thesis_reflectance_d_10nm_initial_measurement
624,0.620646667,0.322707,0.50947228,0.333566677,0.175905603,thesis_reflectance_d_10nm_initial_measurement
625,0.621625542,0.323769,0.512646789,0.337914236,0.174732553,thesis_reflectance_d_10nm_initial_measurement
626,0.622601053,0.324406,0.515810388,0.340521953,0.175288435,thesis_reflectance_d_10nm_initial_measurement
627,0.623573186,0.324825,0.518963032,0.342237233,0.1767258,thesis_reflectance_d_10nm_initial_measurement
628,0.624541889,0.325398,0.522104553,0.34458295,0.177521604,thesis_reflectance_d_10nm_initial_measurement
629,0.625507132,0.326008,0.525234853,0.347080135,0.178154718,thesis_reflectance_d_10nm_initial_measurement
630,0.626468922,0.326894,0.528353955,0.350707195,0.17764676,thesis_reflectance_d_10nm_initial_measurement
631,0.627427194,0.327756,0.531461648,0.354236005,0.177225643,thesis_reflectance_d_10nm_initial_measurement
632,0.628381941,0.328198,0.534557909,0.356045441,0.178512468,thesis_reflectance_d_10nm_initial_measurement
633,0.629333127,0.328914,0.537642622,0.358976563,0.178666058,thesis_reflectance_d_10nm_initial_measurement
634,0.630280738,0.329398,0.540715741,0.360957937,0.179757804,thesis_reflectance_d_10nm_initial_measurement
635,0.631224732,0.330257,0.54377713,0.364474465,0.179302664,thesis_reflectance_d_10nm_initial_measurement
636,0.632165127,0.331468,0.546826847,0.369431993,0.177394855,thesis_reflectance_d_10nm_initial_measurement
637,0.633101877,0.332831,0.549864744,0.37501177,0.174852974,thesis_reflectance_d_10nm_initial_measurement
638,0.63403497,0.333593,0.552890781,0.378131205,0.174759576,thesis_reflectance_d_10nm_initial_measurement
639,0.634964386,0.334567,0.555904893,0.382118514,0.173786379,thesis_reflectance_d_10nm_initial_measurement
640,0.635890111,0.335222,0.558907035,0.384799918,0.174107117,thesis_reflectance_d_10nm_initial_measurement
641,0.636812097,0.335896,0.561897052,0.387559103,0.174337949,thesis_reflectance_d_10nm_initial_measurement
642,0.637730369,0.336653,0.564875024,0.39065807,0.174216954,thesis_reflectance_d_10nm_initial_measurement
643,0.638644895,0.337617,0.567840848,0.394604442,0.173236406,thesis_reflectance_d_10nm_initial_measurement
644,0.639555687,0.338777,0.570794562,0.399353188,0.171441374,thesis_reflectance_d_10nm_initial_measurement
645,0.640462683,0.339223,0.573735966,0.401178999,0.172556967,thesis_reflectance_d_10nm_initial_measurement
646,0.641365886,0.339843,0.576665069,0.403717122,0.172947947,thesis_reflectance_d_10nm_initial_measurement
647,0.642265323,0.340054,0.579581959,0.404580903,0.175001057,thesis_reflectance_d_10nm_initial_measurement
648,0.643160969,0.341033,0.582486555,0.408588681,0.173897874,thesis_reflectance_d_10nm_initial_measurement
649,0.644052778,0.342369,0.585378707,0.414057927,0.171320781,thesis_reflectance_d_10nm_initial_measurement
650,0.644940758,0.343172,0.588258442,0.417345205,0.170913237,thesis_reflectance_d_10nm_initial_measurement
651,0.645824951,0.343822,0.591125895,0.420006141,0.171119755,thesis_reflectance_d_10nm_initial_measurement
652,0.646705266,0.343869,0.593980772,0.420198547,0.173782225,thesis_reflectance_d_10nm_initial_measurement
653,0.647581794,0.34409,0.596823368,0.421103265,0.175720103,thesis_reflectance_d_10nm_initial_measurement
654,0.648454419,0.34508,0.599653306,0.425156074,0.174497232,thesis_reflectance_d_10nm_initial_measurement
655,0.649323225,0.345779,0.602470859,0.428017603,0.174453256,thesis_reflectance_d_10nm_initial_measurement
656,0.650188164,0.347136,0.605275871,0.433572818,0.171703054,thesis_reflectance_d_10nm_initial_measurement
657,0.651049234,0.348478,0.608068336,0.439066626,0.169001711,thesis_reflectance_d_10nm_initial_measurement
658,0.651906466,0.349285,0.610848355,0.442370279,0.168478075,thesis_reflectance_d_10nm_initial_measurement
659,0.652759814,0.34989,0.613615777,0.444846996,0.168768781,thesis_reflectance_d_10nm_initial_measurement
660,0.653609318,0.350725,0.616370733,0.448265275,0.168105459,thesis_reflectance_d_10nm_initial_measurement
661,0.654454931,0.351793,0.619113071,0.452637396,0.166475675,thesis_reflectance_d_10nm_initial_measurement
662,0.655296697,0.352395,0.621842933,0.455101832,0.166741101,thesis_reflectance_d_10nm_initial_measurement
663,0.65613458,0.353482,0.624560202,0.459551735,0.165008468,thesis_reflectance_d_10nm_initial_measurement
664,0.65696861,0.354609,0.627264976,0.464165387,0.163099589,thesis_reflectance_d_10nm_initial_measurement
665,0.657798771,0.355277,0.629957203,0.46690001,0.163057193,thesis_reflectance_d_10nm_initial_measurement
666,0.658625059,0.355423,0.632636869,0.467497697,0.165139172,thesis_reflectance_d_10nm_initial_measurement
667,0.659447496,0.355766,0.635304047,0.468901852,0.166402194,thesis_reflectance_d_10nm_initial_measurement
668,0.660266084,0.356475,0.637958742,0.471804319,0.166154423,thesis_reflectance_d_10nm_initial_measurement
669,0.661080799,0.3572,0.640600877,0.474772285,0.165828592,thesis_reflectance_d_10nm_initial_measurement
670,0.661891689,0.358339,0.643230607,0.479435063,0.163795544,thesis_reflectance_d_10nm_initial_measurement
671,0.662698712,0.35917,0.645847797,0.482836967,0.163010831,thesis_reflectance_d_10nm_initial_measurement
672,0.66350189,0.359478,0.648452517,0.484097841,0.164354677,thesis_reflectance_d_10nm_initial_measurement
673,0.664301253,0.359918,0.651044866,0.485899089,0.165145776,thesis_reflectance_d_10nm_initial_measurement
674,0.665096779,0.360365,0.65362477,0.487728994,0.165895776,thesis_reflectance_d_10nm_initial_measurement
675,0.665888477,0.360988,0.656192261,0.490279398,0.165912862,thesis_reflectance_d_10nm_initial_measurement
676,0.666676355,0.362005,0.658747363,0.494442739,0.164304624,thesis_reflectance_d_10nm_initial_measurement
677,0.667460411,0.36335,0.66129007,0.499948828,0.161341242,thesis_reflectance_d_10nm_initial_measurement
678,0.668240675,0.364273,0.66382048,0.503727356,0.160093123,thesis_reflectance_d_10nm_initial_measurement
679,0.669017142,0.36551,0.666338576,0.508791321,0.157547255,thesis_reflectance_d_10nm_initial_measurement
680,0.669789822,0.366382,0.668844391,0.512361068,0.156483322,thesis_reflectance_d_10nm_initial_measurement
681,0.670558702,0.366751,0.671337882,0.513871661,0.157466221,thesis_reflectance_d_10nm_initial_measurement
682,0.671323842,0.366633,0.673819244,0.513388599,0.160430645,thesis_reflectance_d_10nm_initial_measurement
683,0.672085202,0.367345,0.676288348,0.516303347,0.159985002,thesis_reflectance_d_10nm_initial_measurement
684,0.672842812,0.368417,0.678745291,0.520691843,0.158053447,thesis_reflectance_d_10nm_initial_measurement
685,0.673596673,0.369547,0.681190075,0.525317777,0.155872298,thesis_reflectance_d_10nm_initial_measurement
686,0.674346804,0.37041,0.683622763,0.528850681,0.154772082,thesis_reflectance_d_10nm_initial_measurement
687,0.675093228,0.370728,0.686043429,0.530152492,0.155890937,thesis_reflectance_d_10nm_initial_measurement
688,0.675835901,0.371287,0.688451931,0.532440897,0.156011034,thesis_reflectance_d_10nm_initial_measurement
689,0.676574889,0.371512,0.690848482,0.53336199,0.157486492,thesis_reflectance_d_10nm_initial_measurement
690,0.677310208,0.372165,0.693233134,0.536035206,0.157197928,thesis_reflectance_d_10nm_initial_measurement
691,0.678041834,0.373318,0.69560581,0.540755296,0.154850514,thesis_reflectance_d_10nm_initial_measurement
692,0.678769786,0.374243,0.697966571,0.544542012,0.153424559,thesis_reflectance_d_10nm_initial_measurement
693,0.679494075,0.375158,0.700315453,0.54828779,0.152027662,thesis_reflectance_d_10nm_initial_measurement
694,0.68021472,0.376023,0.702652517,0.551828881,0.150823636,thesis_reflectance_d_10nm_initial_measurement
695,0.680931728,0.376195,0.704977787,0.552533006,0.152444781,thesis_reflectance_d_10nm_initial_measurement
696,0.681645119,0.376732,0.707291326,0.554731348,0.152559978,thesis_reflectance_d_10nm_initial_measurement
697,0.682354905,0.377306,0.709593175,0.557081159,0.152512016,thesis_reflectance_d_10nm_initial_measurement
698,0.683061096,0.378652,0.711883364,0.562591342,0.149292023,thesis_reflectance_d_10nm_initial_measurement
699,0.683763685,0.379993,0.714161873,0.568081056,0.146080817,thesis_reflectance_d_10nm_initial_measurement
700,0.684462705,0.38097,0.716428807,0.572080647,0.14434816,thesis_reflectance_d_10nm_initial_measurement
701,0.685158184,0.381541,0.718684257,0.574418176,0.144266081,thesis_reflectance_d_10nm_initial_measurement
702,0.685850105,0.382598,0.720928169,0.578745267,0.142182903,thesis_reflectance_d_10nm_initial_measurement
703,0.686538522,0.382399,0.723160718,0.577930611,0.145230107,thesis_reflectance_d_10nm_initial_measurement
704,0.687223391,0.382439,0.72538176,0.578094361,0.147287399,thesis_reflectance_d_10nm_initial_measurement
705,0.687904774,0.383787,0.727591497,0.583612732,0.143978765,thesis_reflectance_d_10nm_initial_measurement
706,0.688582677,0.384889,0.729789948,0.588124041,0.141665907,thesis_reflectance_d_10nm_initial_measurement
707,0.689257101,0.385852,0.731977117,0.592066319,0.139910798,thesis_reflectance_d_10nm_initial_measurement
708,0.689928031,0.386611,0.734152955,0.595173473,0.138979482,thesis_reflectance_d_10nm_initial_measurement
709,0.690595559,0.387158,0.73631776,0.597412752,0.138905007,thesis_reflectance_d_10nm_initial_measurement
710,0.69125963,0.387927,0.738471353,0.600560843,0.13791051,thesis_reflectance_d_10nm_initial_measurement
711,0.691920281,0.388102,0.740613856,0.601277249,0.139336607,thesis_reflectance_d_10nm_initial_measurement
712,0.692577549,0.387963,0.742745388,0.600708218,0.14203717,thesis_reflectance_d_10nm_initial_measurement
713,0.693231407,0.38837,0.744865861,0.602374373,0.142491488,thesis_reflectance_d_10nm_initial_measurement
714,0.693881916,0.389617,0.746975473,0.607479275,0.139496197,thesis_reflectance_d_10nm_initial_measurement
715,0.694529047,0.390655,0.74907413,0.611728585,0.137345545,thesis_reflectance_d_10nm_initial_measurement
716,0.69517284,0.391696,0.751161962,0.615990175,0.135171787,thesis_reflectance_d_10nm_initial_measurement
717,0.69581331,0.392586,0.753239017,0.61963361,0.133605408,thesis_reflectance_d_10nm_initial_measurement
718,0.696450447,0.392652,0.755305264,0.619903797,0.135401467,thesis_reflectance_d_10nm_initial_measurement
719,0.697084302,0.392559,0.757360866,0.619523078,0.137837788,thesis_reflectance_d_10nm_initial_measurement
720,0.697714877,0.393103,0.759405832,0.621750077,0.137655755,thesis_reflectance_d_10nm_initial_measurement
721,0.698342177,0.394186,0.761440177,0.626183605,0.135256573,thesis_reflectance_d_10nm_initial_measurement
722,0.698966233,0.395185,0.763464002,0.630273258,0.133190744,thesis_reflectance_d_10nm_initial_measurement
723,0.699587043,0.39642,0.765477299,0.635329035,0.130148264,thesis_reflectance_d_10nm_initial_measurement
724,0.700204629,0.397889,0.767480141,0.641342749,0.126137393,thesis_reflectance_d_10nm_initial_measurement
725,0.700819021,0.398251,0.769472625,0.642824685,0.12664794,thesis_reflectance_d_10nm_initial_measurement
726,0.701430219,0.398748,0.771454751,0.644859277,0.126595474,thesis_reflectance_d_10nm_initial_measurement
727,0.702038236,0.399378,0.773426561,0.647438338,0.125988223,thesis_reflectance_d_10nm_initial_measurement
728,0.702643092,0.399693,0.77538812,0.648727868,0.126660251,thesis_reflectance_d_10nm_initial_measurement
729,0.703244826,0.400038,0.777339554,0.650140211,0.127199343,thesis_reflectance_d_10nm_initial_measurement
730,0.703843406,0.400502,0.779280759,0.652039709,0.12724105,thesis_reflectance_d_10nm_initial_measurement
731,0.704438901,0.401323,0.78121196,0.655400675,0.125811284,thesis_reflectance_d_10nm_initial_measurement
732,0.705031279,0.40217,0.783133052,0.658868079,0.124264973,thesis_reflectance_d_10nm_initial_measurement
733,0.705620577,0.402916,0.785044156,0.661922014,0.123122141,thesis_reflectance_d_10nm_initial_measurement
734,0.706206817,0.403281,0.786945342,0.663416232,0.12352911,thesis_reflectance_d_10nm_initial_measurement
735,0.706789991,0.403139,0.788836586,0.66283492,0.126001666,thesis_reflectance_d_10nm_initial_measurement
736,0.707370158,0.403583,0.790718077,0.664652543,0.126065534,thesis_reflectance_d_10nm_initial_measurement
737,0.707947294,0.40372,0.792589739,0.665213387,0.127376353,thesis_reflectance_d_10nm_initial_measurement
738,0.708521419,0.404725,0.794451637,0.669327602,0.125124035,thesis_reflectance_d_10nm_initial_measurement
739,0.709092566,0.40587,0.796303877,0.674014942,0.122288934,thesis_reflectance_d_10nm_initial_measurement
740,0.709660755,0.407108,0.798146523,0.679083001,0.119063523,thesis_reflectance_d_10nm_initial_measurement
741,0.710225979,0.408098,0.799979555,0.68313581,0.116843745,thesis_reflectance_d_10nm_initial_measurement
742,0.710788235,0.409009,0.801802961,0.686865213,0.114937747,thesis_reflectance_d_10nm_initial_measurement
743,0.711347604,0.40915,0.803617004,0.687442432,0.116174573,thesis_reflectance_d_10nm_initial_measurement
744,0.711904038,0.40945,0.805421529,0.688670556,0.116750974,thesis_reflectance_d_10nm_initial_measurement
745,0.712457595,0.409976,0.807216724,0.690823867,0.116392858,thesis_reflectance_d_10nm_initial_measurement
746,0.713008276,0.410104,0.809002593,0.691347866,0.117654726,thesis_reflectance_d_10nm_initial_measurement
747,0.713556116,0.411053,0.810779247,0.695232832,0.115546415,thesis_reflectance_d_10nm_initial_measurement
748,0.714101086,0.412267,0.812546594,0.70020264,0.112343954,thesis_reflectance_d_10nm_initial_measurement
749,0.714643209,0.413481,0.814304709,0.705172449,0.10913226,thesis_reflectance_d_10nm_initial_measurement
750,0.715182538,0.414445,0.816053762,0.709118821,0.106934941,thesis_reflectance_d_10nm_initial_measurement
751,0.71571907,0.415939,0.817793745,0.715234879,0.102558866,thesis_reflectance_d_10nm_initial_measurement
752,0.716252804,0.415831,0.819524654,0.714792754,0.104731899,thesis_reflectance_d_10nm_initial_measurement
753,0.716783797,0.415068,0.821246673,0.711669225,0.109577448,thesis_reflectance_d_10nm_initial_measurement
754,0.717312021,0.414714,0.822959713,0.710220039,0.112739674,thesis_reflectance_d_10nm_initial_measurement
755,0.717837496,0.415862,0.824663837,0.71491966,0.109744177,thesis_reflectance_d_10nm_initial_measurement
756,0.71836026,0.416465,0.82635917,0.71738819,0.108970981,thesis_reflectance_d_10nm_initial_measurement
757,0.718880324,0.417741,0.828045747,0.72261181,0.105433936,thesis_reflectance_d_10nm_initial_measurement
758,0.719397667,0.419517,0.829723499,0.729882305,0.0998411944,thesis_reflectance_d_10nm_initial_measurement
759,0.719912366,0.420584,0.831392677,0.734250333,0.0971423445,thesis_reflectance_d_10nm_initial_measurement
760,0.720424395,0.420376,0.833053196,0.733398833,0.0996543628,thesis_reflectance_d_10nm_initial_measurement
761,0.720933773,0.420518,0.834705118,0.733980145,0.100724973,thesis_reflectance_d_10nm_initial_measurement
762,0.721440515,0.421115,0.836348491,0.736424112,0.0999243788,thesis_reflectance_d_10nm_initial_measurement
763,0.721944639,0.421782,0.837983374,0.739154641,0.0988287327,thesis_reflectance_d_10nm_initial_measurement
764,0.722446179,0.420216,0.839609877,0.732743834,0.106866043,thesis_reflectance_d_10nm_initial_measurement
765,0.722945109,0.419414,0.841227916,0.729460649,0.111767267,thesis_reflectance_d_10nm_initial_measurement
766,0.723441488,0.41974,0.842837681,0.73079521,0.112042471,thesis_reflectance_d_10nm_initial_measurement
767,0.723935309,0.421929,0.844439152,0.739756422,0.104682729,thesis_reflectance_d_10nm_initial_measurement
768,0.724426573,0.423758,0.846032329,0.747243885,0.0987884443,thesis_reflectance_d_10nm_initial_measurement
769,0.724915315,0.425123,0.847617328,0.752831849,0.0947854788,thesis_reflectance_d_10nm_initial_measurement
770,0.725401542,0.426411,0.849194171,0.758104595,0.0910895756,thesis_reflectance_d_10nm_initial_measurement
771,0.725885281,0.426619,0.850762945,0.758956095,0.0918068503,thesis_reflectance_d_10nm_initial_measurement
772,0.72636652,0.426565,0.852323611,0.758735032,0.0935885791,thesis_reflectance_d_10nm_initial_measurement
773,0.72684532,0.426607,0.853876368,0.75890697,0.0949693985,thesis_reflectance_d_10nm_initial_measurement
774,0.72732165,0.427321,0.855421115,0.761829905,0.0935912098,thesis_reflectance_d_10nm_initial_measurement
775,0.727795512,0.429075,0.856957857,0.769010337,0.0879475206,thesis_reflectance_d_10nm_initial_measurement
776,0.728266977,0.429983,0.858486827,0.772727459,0.0857593678,thesis_reflectance_d_10nm_initial_measurement
777,0.728736022,0.430913,0.860007948,0.776534643,0.0834733044,thesis_reflectance_d_10nm_initial_measurement
778,0.72920268,0.432455,0.861521328,0.782847201,0.0786741269,thesis_reflectance_d_10nm_initial_measurement
779,0.729666949,0.432198,0.86302696,0.781795108,0.0812318523,thesis_reflectance_d_10nm_initial_measurement
780,0.730128844,0.432562,0.864524894,0.783285232,0.081239662,thesis_reflectance_d_10nm_initial_measurement
781,0.730588364,0.43276,0.866015125,0.784095794,0.0819193315,thesis_reflectance_d_10nm_initial_measurement
782,0.731045574,0.432318,0.867497865,0.782286358,0.0852115076,thesis_reflectance_d_10nm_initial_measurement
783,0.731500438,0.431929,0.868972997,0.78069389,0.0882791071,thesis_reflectance_d_10nm_initial_measurement
784,0.731953005,0.433027,0.87044068,0.785188824,0.0852518558,thesis_reflectance_d_10nm_initial_measurement
785,0.732403252,0.434446,0.871900839,0.790997851,0.0809029879,thesis_reflectance_d_10nm_initial_measurement
786,0.732851234,0.435565,0.873353652,0.795578753,0.0777748987,thesis_reflectance_d_10nm_initial_measurement
787,0.733296926,0.436511,0.874799039,0.799451438,0.0753476012,thesis_reflectance_d_10nm_initial_measurement
788,0.733740361,0.437091,0.876237107,0.801825811,0.0744112955,thesis_reflectance_d_10nm_initial_measurement
789,0.734181554,0.437045,0.877667903,0.801637499,0.0760304045,thesis_reflectance_d_10nm_initial_measurement
790,0.734620505,0.436165,0.879091429,0.798035002,0.0810564274,thesis_reflectance_d_10nm_initial_measurement
791,0.73505724,0.435784,0.880507768,0.796475284,0.0840324842,thesis_reflectance_d_10nm_initial_measurement
792,0.735491778,0.436809,0.881916983,0.800671374,0.0812456081,thesis_reflectance_d_10nm_initial_measurement
793,0.735924112,0.437645,0.883319049,0.804093747,0.0792253024,thesis_reflectance_d_10nm_initial_measurement
794,0.736354276,0.438297,0.884714079,0.80676287,0.0779512089,thesis_reflectance_d_10nm_initial_measurement
795,0.736782283,0.439832,0.886102113,0.813046771,0.0730553417,thesis_reflectance_d_10nm_initial_measurement
796,0.737208111,0.440826,0.88748308,0.817115955,0.0703671251,thesis_reflectance_d_10nm_initial_measurement
797,0.737631812,0.441911,0.88885715,0.821557671,0.0672994795,thesis_reflectance_d_10nm_initial_measurement
798,0.738053379,0.4424,0.890224299,0.823559513,0.0666647865,thesis_reflectance_d_10nm_initial_measurement
799,0.738472846,0.442712,0.891584638,0.824836762,0.0667478763,thesis_reflectance_d_10nm_initial_measurement
800,0.738890188,0.44352,0.892938086,0.828144509,0.0647935763,thesis_reflectance_d_10nm_initial_measurement
801,0.739305456,0.44353,0.894284807,0.828185447,0.0660993602,thesis_reflectance_d_10nm_initial_measurement
802,0.739718647,0.443419,0.895624793,0.827731041,0.0678937517,thesis_reflectance_d_10nm_initial_measurement
803,0.740129771,0.443587,0.896958075,0.82841879,0.0685392846,thesis_reflectance_d_10nm_initial_measurement
804,0.740538843,0.4453,0.898284703,0.835431379,0.062853324,thesis_reflectance_d_10nm_initial_measurement
805,0.740945878,0.446625,0.899604724,0.840855593,0.0587491311,thesis_reflectance_d_10nm_initial_measurement
806,0.741350888,0.447343,0.900918179,0.843794903,0.0571232754,thesis_reflectance_d_10nm_initial_measurement
807,0.741753869,0.448033,0.902225053,0.846619589,0.0556054645,thesis_reflectance_d_10nm_initial_measurement
808,0.742154852,0.448718,0.903525448,0.849423805,0.0541016428,thesis_reflectance_d_10nm_initial_measurement
809,0.74255385,0.450145,0.904819405,0.855265582,0.0495538236,thesis_reflectance_d_10nm_initial_measurement
810,0.742950873,0.449937,0.906106958,0.854414082,0.0516928755,thesis_reflectance_d_10nm_initial_measurement
811,0.743345922,0.449208,0.907388109,0.851429741,0.0559583677,thesis_reflectance_d_10nm_initial_measurement
812,0.743739021,0.448847,0.908662936,0.849951898,0.0587110373,thesis_reflectance_d_10nm_initial_measurement
813,0.744130184,0.448828,0.909931484,0.849874117,0.0600573669,thesis_reflectance_d_10nm_initial_measurement
814,0.744519396,0.450047,0.911193706,0.854864395,0.0563293109,thesis_reflectance_d_10nm_initial_measurement
815,0.744906712,0.450862,0.912449778,0.858200798,0.0542489798,thesis_reflectance_d_10nm_initial_measurement
816,0.745292099,0.451976,0.913699595,0.862761232,0.0509383626,thesis_reflectance_d_10nm_initial_measurement
817,0.745675601,0.454415,0.914943299,0.872745881,0.0421974179,thesis_reflectance_d_10nm_initial_measurement
818,0.746057215,0.45591,0.916180879,0.878866032,0.0373148473,thesis_reflectance_d_10nm_initial_measurement
819,0.746436968,0.456397,0.917412425,0.880859687,0.0365527382,thesis_reflectance_d_10nm_initial_measurement
820,0.746814842,0.456096,0.918637877,0.879627469,0.039010408,thesis_reflectance_d_10nm_initial_measurement
821,0.747190864,0.456359,0.919857323,0.880704124,0.0391531985,thesis_reflectance_d_10nm_initial_measurement
822,0.74756506,0.454622,0.921070847,0.873593286,0.0474775608,thesis_reflectance_d_10nm_initial_measurement
823,0.747937429,0.451905,0.922278446,0.862470576,0.0598078701,thesis_reflectance_d_10nm_initial_measurement
824,0.748307982,0.448896,0.923480156,0.850152492,0.0733276641,thesis_reflectance_d_10nm_initial_measurement
825,0.748676715,0.447453,0.924675964,0.844245215,0.0804307483,thesis_reflectance_d_10nm_initial_measurement
826,0.749043656,0.44897,0.92586596,0.850455429,0.0754105304,thesis_reflectance_d_10nm_initial_measurement
827,0.749408813,0.451485,0.92705017,0.860751203,0.0662989678,thesis_reflectance_d_10nm_initial_measurement
828,0.749772203,0.452117,0.92822865,0.863338451,0.0648901999,thesis_reflectance_d_10nm_initial_measurement
829,0.750133835,0.452147,0.929401429,0.863461263,0.0659401664,thesis_reflectance_d_10nm_initial_measurement
830,0.750493708,0.453456,0.930568504,0.868819977,0.0617485263,thesis_reflectance_d_10nm_initial_measurement
831,0.750851844,0.456339,0.931729945,0.88062225,0.0511076955,thesis_reflectance_d_10nm_initial_measurement
832,0.751208254,0.457276,0.932885789,0.88445809,0.0484276987,thesis_reflectance_d_10nm_initial_measurement
833,0.751562924,0.457581,0.93403599,0.885706683,0.0483293069,thesis_reflectance_d_10nm_initial_measurement
834,0.751915908,0.456583,0.935180723,0.881621124,0.0535595995,thesis_reflectance_d_10nm_initial_measurement
835,0.752267186,0.455267,0.936319924,0.876233753,0.060086171,thesis_reflectance_d_10nm_initial_measurement
836,0.75261677,0.454666,0.937453631,0.873773411,0.0636802198,thesis_reflectance_d_10nm_initial_measurement
837,0.752964671,0.455684,0.93858188,0.877940845,0.0606410346,thesis_reflectance_d_10nm_initial_measurement
838,0.753310916,0.457942,0.939704759,0.887184526,0.0525202329,thesis_reflectance_d_10nm_initial_measurement
839,0.753655497,0.461535,0.940822241,0.901893358,0.0389288829,thesis_reflectance_d_10nm_initial_measurement
840,0.753998414,0.463711,0.941934327,0.910801351,0.0311329756,thesis_reflectance_d_10nm_initial_measurement
841,0.754339722,0.462291,0.943041194,0.90498823,0.0380529639,thesis_reflectance_d_10nm_initial_measurement
842,0.754679386,0.460282,0.944142731,0.896763893,0.0473788375,thesis_reflectance_d_10nm_initial_measurement
843,0.755017431,0.460911,0.945239017,0.89933886,0.0459001566,thesis_reflectance_d_10nm_initial_measurement
844,0.755353868,0.462744,0.946330088,0.906842698,0.0394873898,thesis_reflectance_d_10nm_initial_measurement
845,0.755688707,0.462876,0.947415976,0.907383072,0.040032904,thesis_reflectance_d_10nm_initial_measurement
846,0.756021959,0.462559,0.948496718,0.906085355,0.0424113638,thesis_reflectance_d_10nm_initial_measurement
847,0.756353649,0.463261,0.949572395,0.908959165,0.04061323,thesis_reflectance_d_10nm_initial_measurement
848,0.756683744,0.465221,0.950642899,0.916982909,0.0336599901,thesis_reflectance_d_10nm_initial_measurement
849,0.757012282,0.467125,0.951708353,0.924777403,0.0269309507,thesis_reflectance_d_10nm_initial_measurement
850,0.757339273,0.467692,0.952768791,0.927098557,0.0256702338,thesis_reflectance_d_10nm_initial_measurement
851,0.757664729,0.468111,0.95382425,0.928813837,0.0250104133,thesis_reflectance_d_10nm_initial_measurement
852,0.757988645,0.470435,0.954874715,0.938327704,0.016547011,thesis_reflectance_d_10nm_initial_measurement
853,0.758311044,0.471888,0.955920261,0.944275919,0.0116443425,thesis_reflectance_d_10nm_initial_measurement
854,0.758631906,0.472475,0.956960822,0.946678948,0.0102818742,thesis_reflectance_d_10nm_initial_measurement
855,0.758951289,0.471657,0.957996587,0.943330263,0.0146663238,thesis_reflectance_d_10nm_initial_measurement
856,0.75926917,0.469939,0.95902748,0.936297206,0.0227302744,thesis_reflectance_d_10nm_initial_measurement
857,0.759585573,0.469563,0.960053581,0.934757957,0.0252956237,thesis_reflectance_d_10nm_initial_measurement
858,0.759900494,0.470803,0.961074875,0.939834203,0.0212406719,thesis_reflectance_d_10nm_initial_measurement
859,0.760213944,0.470747,0.962091399,0.939604953,0.0224864456,thesis_reflectance_d_10nm_initial_measurement
860,0.760525918,0.471258,0.963103136,0.941696858,0.0214062781,thesis_reflectance_d_10nm_initial_measurement
861,0.760836465,0.471472,0.964110245,0.94257292,0.0215373256,thesis_reflectance_d_10nm_initial_measurement
862,0.761145554,0.473743,0.965112627,0.951869819,0.0132428077,thesis_reflectance_d_10nm_initial_measurement
863,0.761453224,0.475085,0.966110406,0.957363627,0.00874677866,thesis_reflectance_d_10nm_initial_measurement
864,0.761759455,0.475572,0.967103518,0.959357282,0.00774623645,thesis_reflectance_d_10nm_initial_measurement
865,0.762064269,0.475587,0.968092035,0.959418688,0.00867334738,thesis_reflectance_d_10nm_initial_measurement
866,0.762367691,0.47523,0.969076038,0.95795722,0.0111188178,thesis_reflectance_d_10nm_initial_measurement
867,0.762669714,0.475328,0.970055504,0.958358408,0.0116970965,thesis_reflectance_d_10nm_initial_measurement
868,0.76297032,0.475501,0.971030375,0.959066626,0.0119637488,thesis_reflectance_d_10nm_initial_measurement
869,0.763269561,0.474929,0.972000818,0.956725003,0.0152758158,thesis_reflectance_d_10nm_initial_measurement
870,0.763567419,0.474444,0.972966777,0.954739535,0.0182272417,thesis_reflectance_d_10nm_initial_measurement
871,0.763863927,0.47443,0.973928358,0.954682223,0.0192461348,thesis_reflectance_d_10nm_initial_measurement
872,0.764159069,0.475268,0.974885508,0.958112783,0.0167727256,thesis_reflectance_d_10nm_initial_measurement
873,0.764452867,0.477069,0.9758383,0.965485621,0.0103526797,thesis_reflectance_d_10nm_initial_measurement
874,0.7647453,0.478544,0.976786666,0.971523897,0.00526276848,thesis_reflectance_d_10nm_initial_measurement
875,0.76503642,0.479003,0.977730773,0.973402927,0.00432784595,thesis_reflectance_d_10nm_initial_measurement
876,0.765326209,0.47926,0.978670564,0.97445502,0.00421554381,thesis_reflectance_d_10nm_initial_measurement
877,0.765614687,0.480187,0.979606103,0.978249923,0.00135617972,thesis_reflectance_d_10nm_initial_measurement
878,0.765901851,0.480448,0.980537381,0.979318391,0.00121898968,thesis_reflectance_d_10nm_initial_measurement
879,0.766187707,0.479448,0.981464417,0.975224644,0.00623977249,thesis_reflectance_d_10nm_initial_measurement
880,0.766472277,0.476181,0.982387282,0.961850374,0.0205369088,thesis_reflectance_d_10nm_initial_measurement
881,0.766755559,0.474169,0.983305971,0.953613755,0.0296922158,thesis_reflectance_d_10nm_initial_measurement
882,0.767037547,0.476992,0.984220463,0.965170402,0.0190500606,thesis_reflectance_d_10nm_initial_measurement
883,0.767318286,0.477022,0.985130904,0.965293215,0.0198376897,thesis_reflectance_d_10nm_initial_measurement
884,0.767597745,0.474703,0.986037195,0.955799816,0.0302373789,thesis_reflectance_d_10nm_initial_measurement
885,0.767875948,0.473781,0.986939412,0.952025381,0.0349140307,thesis_reflectance_d_10nm_initial_measurement
886,0.768152915,0.474448,0.987837621,0.95475591,0.0330817104,thesis_reflectance_d_10nm_initial_measurement
887,0.768428628,0.477058,0.988731763,0.965440589,0.0232911733,thesis_reflectance_d_10nm_initial_measurement
888,0.768703107,0.47963,0.989621903,0.975969706,0.0136521967,thesis_reflectance_d_10nm_initial_measurement
889,0.768976374,0.48128,0.990508113,0.982724388,0.00778372417,thesis_reflectance_d_10nm_initial_measurement
890,0.769248397,0.481398,0.991390288,0.983207451,0.0081828374,thesis_reflectance_d_10nm_initial_measurement
891,0.769519223,0.481247,0.992268581,0.982589295,0.00967928661,thesis_reflectance_d_10nm_initial_measurement
892,0.769788846,0.481578,0.993142974,0.983944325,0.00919864853,thesis_reflectance_d_10nm_initial_measurement
893,0.770057275,0.482052,0.994013494,0.985884761,0.00812873248,thesis_reflectance_d_10nm_initial_measurement
894,0.770324504,0.480964,0.994880122,0.981430765,0.0134493573,thesis_reflectance_d_10nm_initial_measurement
895,0.77059054,0.479368,0.995742881,0.974897145,0.0208457366,thesis_reflectance_d_10nm_initial_measurement
896,0.770855405,0.478186,0.996601843,0.970058336,0.0265435072,thesis_reflectance_d_10nm_initial_measurement
897,0.771119106,0.47785,0.99745703,0.968682837,0.028774193,thesis_reflectance_d_10nm_initial_measurement
898,0.771381649,0.479722,0.998308462,0.976346331,0.0219621306,thesis_reflectance_d_10nm_initial_measurement
899,0.771643017,0.483209,0.999156083,0.990621226,0.00853485646,thesis_reflectance_d_10nm_initial_measurement
900,0.771903243,0.4855,1,1,0,thesis_reflectance_d_10nm_initial_measurement
